,平台,作者,级别,发布链接
60,民生中国周刊,马松涛,地市级,https://mszgzk.com/?list_25/4700.html=
38,南方工报,乔健,省部级,http://wap.nfgb.com.cn/html5/2024-02/05/node_1.htm?v=1&curr=2
61,环球视点网,马松涛,地市级,http://www.hqsdw.com/?list_73/2701.html=
42,南方工报,乔健,省部级,http://www.nfgb.com.cn/zg/content/post_1228207.html
122,中国信息报道,王亚坤,中央级,http://xinxibd.tsxxg.cn/62961/aa561238000.html
48,广东新闻网,安琼,省部级,http://csxxb.cn/e9c/OTEzNzQxNDc=.html
155,广东新闻网,欧阳琳,省部级,http://csxxb.cn/e9c/MTEyNDcwNzc3.html
124,中国聚焦网,王亚坤,中央级,http://jujiaow.hebdushi.cn/56794/91561237990.html
177,椰城椰城 ,,省部级,通行效率提高5成！海口这个匝道通车→ (qq.com)
179,北青网,,省部级,海口滨海立交改造工程项目开放通车 (baidu.com)
164,海南都市日报,邓讷,省部级,http://hndsrb.cn/5f3/NzU5MTA1OTY=.html
6,中国企业经济网,安琼,中央级,http://innfinance.cn/baa6/a5571068767.html
172,海南新闻网,邓讷,省部级,http://binhaics.cn/450/NzU5MTA1MjQ=.html
121,中国财经在线,王亚坤,中央级,http://zgfinance.top/a3326/ba561237970.html
168,海南海口网,邓讷,省部级,http://hainanhk.cn/9da02/39f63258790.html
94,中青网,丁高洁,中央级,https://df.youth.cn/dfzl/202403/t20240327_15158868.htm
187,南方工报,杨德晨、张美怡,省部级,http://wap.nfgb.com.cn/html5/2024-03/19/content_15_24161.htm?curr=
188,南方工报,张美怡,省部级,http://wap.nfgb.com.cn/html5/2024-04/01/content_14_24470.htm?curr=
223,海西晨报,王亚坤、陈展红,省部级,file:///D:/360MoveData/Users/风清扬/Documents/WeChat Files/wxid_a5gxaxx192tk22/FileStorage/Temp/1e6b74e4b6a9cd3f82fe64a5ee694c7.png
117,中国基层网,王亚坤,中央级,http://www.chinajiceng.com.cn/news/2024-03-16/242469.html
212,福建企业网,王亚坤,省部级,http://fj.jkwindows.cn/e10b/b8b85733172.html
213,福建都市网,王亚坤,省部级,http://fujian365.cn/68fb7/8f4497980760.html
217,福建都市网,王亚坤,省部级,http://fujian365.cn/68fb7/8f4499106224.html
219,福建都市网,王亚坤、蓝伟冰,省部级,http://fujian365.cn/68fb7/8f4499533528.html
233,上海新闻网,赵琥珀,省部级,http://cndashanghai.cn/b09/MTIxMjEwOTU=.html
153,广东资讯网,欧阳琳,省部级,http://syjinri.cn/529/MTEyNDcwNzY4.html
273,厦门广播电台,王亚坤、陈展红,地市级,file:///D:/360MoveData/Users/风清扬/Documents/WeChat Files/wxid_a5gxaxx192tk22/FileStorage/Temp/2f2739689fb5478ce0055b8dfab49ad.png
275,厦门广电,王亚坤、陈展红,地市级,file:///D:/360MoveData/Users/风清扬/Documents/WeChat Files/wxid_a5gxaxx192tk22/FileStorage/Temp/0ee6f8bd3b3bddf2c9a573411295a0d.png
276,业翔民安,王亚坤、陈展红,地市级,file:///D:/360MoveData/Users/风清扬/Documents/WeChat Files/wxid_a5gxaxx192tk22/FileStorage/Temp/9bc8241b3c5902ace46d1ac62480738.png
305,中青网,丁高洁,中央级,https://df.youth.cn/dfzl/202403/t20240307_15118499.htm
336,中国青年网转载,崔国玉,中央级,https://df.youth.cn/dfzl/202403/t20240306_15115737.htm
341,中国青年网转载,宋耀明,中央级,https://df.youth.cn/dfzl/202403/t20240307_15117480.htm
46,广东之窗,安琼,省部级,http://gyjinri.cn/0409c/0c820305370.html
350,中国青年网转载,"安琼
宋耀明",中央级,https://df.youth.cn/dfzl/202403/t20240312_15128808.htm
392,中国青年网,文承聪,中央级,https://df.youth.cn/dfzl/202403/t20240307_15117542.htm
418,广东新闻网,崔国玉,省部级,http://csxxb.cn/e9c/OTM0MzcxNzI=.html
419,广东新闻网,"宋耀明
安琼",省部级,http://csxxb.cn/e9c/OTM0MzcxOTk=.html
304,中青网,马松涛,中央级,https://t.m.youth.cn/transfer/index/url/df.youth.cn/dfzl/202403/t20240304_15111912.htm
371,中华建设网,王吉,中央级,https://www.zhjsw.cn/news/show-48499.html
421,南方工报,"宋耀明
安琼",省部级,http://wap.nfgb.com.cn/html5/2024-03/01/node_1.htm?curr=3
383,中国快讯,王亚坤,中央级,http://www.ertw.com.cn/a/xinwen/toutiao/2674.html
460,海南新闻网,邓讷、徐波,省部级,http://binhaics.cn/450/NjMzNjUyNjI=.html
469,海南新闻网,朱莹、邓讷,省部级,http://binhaics.cn/450/NjM2NDI3NzQ=.html
477,海南新闻网,朱莹、邓讷,省部级,http://binhaics.cn/450/NzI3MTczODQ=.html
99,人民日报客户端,"李东波
安琼",中央级,https://wap.peopleapp.com/article/rmh40309177/rmh40309177
422,南方工报,"宋耀明
安琼",省部级,http://epaper.grzx.com.cn/html/2024-03/01/content_13_23773.htm
325,人民日报客户端,"宋耀明
安琼",中央级,https://wap.peopleapp.com/article/rmh40049367/rmh40049367
317,人民日报客户端,崔国玉,中央级,https://wap.peopleapp.com/article/rmh40052606/rmh40052606
497,海西晨报,王亚坤,省部级,file:///D:/360MoveData/Users/风清扬/Documents/WeChat Files/wxid_a5gxaxx192tk22/FileStorage/Temp/ff91711349d5075b130d6a64c3a4f53.jpg
498,福建企业网,王亚坤,省部级,http://fj.jkwindows.cn/e10b/b8b74015298.html
499,福建都市网,王亚坤,省部级,http://fujian365.cn/68fb7/8f4484588920.html
492,今报网,王吉,省部级,http://www.jinbw.com.cn/a/20240301/n_1709260603331114.html
488,今报网,王吉,省部级,http://www.jinbw.com.cn/a/20240228/n_1709090030330828.html
484,今报网,王吉,省部级,http://www.jinbw.com.cn/a/20240220/n_1708397533330138.html
486,新华报业江南时报网,王吉,省部级,http://www.jntimes.cn/xxzx/202402/t20240228_8219101.shtml
349,人民日报客户端,"安琼
宋耀明",中央级,https://wap.peopleapp.com/article/rmh40237361/rmh40237361
335,人民日报客户端,崔国玉,中央级,https://wap.peopleapp.com/article/rmh40168177/rmh40168177
563,思明快报,王亚坤,地市级,
562,厦门综合广播,王亚坤,地市级,
508,大众网,文承聪,省部级,https://t.m.youth.cn/transfer/index/url/df.youth.cn/dfzl/202403/t20240307_15117542.htm
493,大众网,王吉,省部级,http://www.dzwww.com/xinwen/jishixinwen/202403/t20240301_13749537.htm
485,大众网,王吉,省部级,http://www.dzwww.com/xinwen/jishixinwen/202402/t20240220_13692834.htm
489,大众网,王吉,省部级,http://www.dzwww.com/xinwen/jishixinwen/202402/t20240228_13737855.htm
607,CCTV-1,陈志诚,中央级,
579,中国青年网,丁高洁,中央级,https://df.youth.cn/dfzl/202401/t20240129_15050545.htm
621,百度亮亮新世界,姚瑞哲,省部级,T1、T2成功“牵手”！广州白云机场成世界最大单体航站楼 (baidu.com)
624,广东消委会,姚瑞哲,省部级,合体！全球最大！广州白云机场宣布 (qq.com)
629,新快网,丁高洁,省部级,融企联谊促交流，这场以球会友的篮球赛白云开打__新快网 (xkb.com.cn)
628,网易网,丁高洁,省部级,融企联谊促交流，这场以球会友的篮球赛白云开打|华南|广东|广州|珠海|联谊_手机网易网 (163.com)
340,人民日报客户端,宋耀明,中央级,https://wap.peopleapp.com/article/rmh40181342/rmh40181342
638,广东新闻网,安琼,省部级,http://csxxb.cn/e9c/ODkxMTY0NDM=.html
648,今报网,吕昊临,省部级,http://www.jinbw.com.cn/a/20240116/n_1705396050327785.html
650,东方今报网,王吉,省部级,http://www.jinbw.com.cn/a/20240131/n_1706678456329246.html
623,网易网,丁高洁,省部级,https://www.163.com/dy/article/INFVVK8F05566CMH.html
633,网易,"宋耀明
安琼",省部级,https://www.163.com/dy/article/INC316L80535HX8T.html
645,大众网,吕昊临,省部级,http://www.dzwww.com/xinwen/jishixinwen/202401/t20240116_13522193.htm
694,中国广州政府,姚瑞哲,地市级,白云机场东四西四指廊投运 - 广州市人民政府门户网站 (gz.gov.cn)
651,大众网,王吉,省部级,http://www.dzwww.com/xinwen/jishixinwen/202401/t20240131_13603468.htm
678,当代先锋网,陈志诚,省部级,http://www.ddcpc.cn/znlv3/202401/t20240119_6514065.shtml
702,物流新闻,姚瑞哲,地市级,广州白云机场东四西四指廊投运 - 物流指闻 (headscm.com)
381,人民日报,王亚坤,中央级,https://wap.peopleapp.com/article/rmh39940281/rmh39940281
598,未来网,吕昊临,中央级,https://news.k618.cn/finance/money/202401/t20240116_19745525.html
395,人民日报,文承聪,中央级,https://wap.peopleapp.com/article/rmh40179659/rmh40179659
582,人民日报客户端,安琼,中央级,https://wap.peopleapp.com/article/rmh39596024/rmh39596024
653,新华报业网,王吉,省部级,https://www.xhby.net/content/s65bb0ef5e4b00bc445154319.html
1,人民视点,马松涛,中央级,http://www.rmkbw.cn/?wenlv/9105.html=
615,东方网,丁高洁、姚瑞哲,省部级 ,https://qiye.chinadaily.com.cn/a/202401/31/WS65b9c6f6a31026469ab16e97.html
778,中国基层网,朱莹、邓讷,中央级,http://www.chinajiceng.com.cn/news/2024-11-29/266776.html
792,中国经济报道,朱莹、邓讷,中央级,https://industry.cnews.org.cn/411380.html
850,广东监理,吕昊临,省部级,https://news.scut.edu.cn/2024/1211/c41a56571/page.htm
864,广东资讯网,蔡雯静,省部级,http://syjinri.cn/529/MTI4NzI3NTQ5.html
866,广东新闻网,蔡雯静,省部级,http://csxxb.cn/e9c/MTI4NzI3NTY3.html
869,广东资讯网,蔡雯静,省部级,http://syjinri.cn/529/MTQ5NzUzNjAx.html
870,广东新闻网,蔡雯静,省部级,http://csxxb.cn/e9c/MTQ5NzUzNjEw.html
868,广东头条网,蔡雯静,省部级,http://gdtt.csxxb.cn/dce37/b0e33278576.html
863,广东头条网,蔡雯静,省部级,http://gdtt.csxxb.cn/dce37/b0e28606120.html
865,广东都市,蔡雯静,省部级,http://lzdushi.cn/604/ODU4MTgzNzI=.html
611,中国网,陈志诚,中央级,http://life.china.com.cn/gonggao/zixun/detail2_2024_01/20/4293853.html
892,海西晨报,王亚坤,省部级,file:///D:/360MoveData/Users/风清扬/Documents/WeChat Files/wxid_a5gxaxx192tk22/FileStorage/Temp/4964933a9ef76b22293f8b6ce64089f.png
969,I听厦门,王亚坤,地市级,file:///D:/360MoveData/Users/风清扬/Documents/WeChat Files/wxid_a5gxaxx192tk22/FileStorage/Temp/b8e28b387f6f9eb96e623f8fb636442.png
1017,中航工业,王亚坤,行业,file:///D:/360MoveData/Users/风清扬/Documents/WeChat Files/wxid_a5gxaxx192tk22/FileStorage/Temp/8e04fc46bc2eb96d23d00c83d80e027.png
1118,南方工报,丁高洁,省部级,https://wap.nfgb.com.cn/h5/html5/2024-11/15/content_11_29633.htm?curr=
1152,广东头条网,王聪,省部级,http://gdtt.csxxb.cn/dce37/b0e31685546.html
1153,广东新闻网,王聪,省部级,http://csxxb.cn/e9c/MTQyNTg0OTc1.html
1093,中国信息网,王亚坤,中央级,http://www.zgnews.com.cn/news/guonei/2024-10-23/37851.html
1127,鲁网财经,马松涛,省部级,https://f.sdnews.com.cn/zwxx/202410/t20241030_4451387.htm
1155,广东之声,王聪,省部级,http://fzxinxi.cn/b9b/MTU4NDI3Nzc=.html
1142,广东头条网,沈芳霞,省部级,http://gdtt.jkzxt.cn/guonei/11121.html
1287,咸宁新闻网,张美怡,地市级,http://www.xnnews.com.cn/zxsd25178/sqdt/202410/t20241025_3780482.shtml
1044,招标网,马松涛,中央级,https://xm.zhaobiao.cn/project_v_886064.html
1194,iProperty,赵琥珀,属地省部级,https://www.iproperty.com.my/news/tropicana-begins-construction-on-lido-waterfront-boulevard-in-johor-97365
1271,梅州市人民政府,伍学铁,地市级,https://www.meizhou.gov.cn/zwgk/gzdt/qxdt/content/post_2668866.html
1197,Linkedin,赵琥珀,属地省部级,https://www.linkedin.com/posts/edgeprop-malaysia_tropicana-unveils-lido-waterfront-boulevard-activity-7257951218306555906-9Hvs
1195,starproperty,赵琥珀,属地省部级,https://www.starproperty.my/news/property-news/tropicana-begins-construction-on-lido-waterfront-boulevard-in-johor-skypark-kepler/130114
1436,未来网,迟立刚,中央级,https://news.k618.cn/finance/money/202404/t20240422_19758956.html
1441,中华建设网,迟立刚,中央级,https://www.zhjsw.cn/news/show-49713.html
1454,中国城市新闻网,王亚坤,中央级,http://cncity.hainanhk.cn/a351/1b2013207780.html
1472,南方工报,丁高洁,省部级,http://wap.nfgb.com.cn/html5/2024-04/18/content_14_24875.htm?curr=
1474,南方工报,丁高洁,省部级,http://www.nfgb.com.cn/zg/content/mpost_1239707.html
1476,南方工报,丁高洁,省部级,http://wap.nfgb.com.cn/html5/2024-04/25/content_15_25011.htm?curr=
1512,海南新闻网,邓讷,省部级,http://binhaics.cn/450/Nzg0OTcxNjA=.html
1522,海南新闻网,邓讷,省部级,http://binhaics.cn/450/NzkwOTEyMDI=.html
1518,海南都市日报,邓讷,省部级,http://hndsrb.cn/5f3/NzkwOTEyMzg=.html
1504,海南都市日报,邓讷,省部级,http://hndsrb.cn/5f3/Nzg0OTcyMDg=.html
1532,南方工报（纸媒）,白占宝,省部级,
1508,海南海口网,邓讷,省部级,http://hainanhk.cn/9da02/39f65414320.html
1531,南方工报,白占宝,省部级,http://wap.nfgb.com.cn/html5/2024-04/23/content_15_24950.htm?curr=
1530,南方工报,白占宝,省部级,http://www.nfgb.com.cn/zg/content/mpost_1239127.html
1535,南方工报,白占宝,省部级,http://www.nfgb.com.cn/zg/content/mpost_1241058.html
1550,福建发布,王亚坤,省部级,file:///D:/360MoveData/Users/风清扬/Documents/WeChat Files/wxid_a5gxaxx192tk22/FileStorage/Temp/06e74ad2076c3840634a54397768dcd.png
1552,海峡导报,王亚坤,省部级,file:///D:/360MoveData/Users/风清扬/Documents/WeChat Files/wxid_a5gxaxx192tk22/FileStorage/Temp/fae18480f37860fb5847a5297a97d53.png
1555,海西晨报,王亚坤,省部级,file:///D:/360MoveData/Users/风清扬/Documents/WeChat Files/wxid_a5gxaxx192tk22/FileStorage/Temp/aaff891313288a44af25fd4a70dcf5b.png
1556,海西晨报,王亚坤,省部级,file:///D:/360MoveData/Users/风清扬/Documents/WeChat Files/wxid_a5gxaxx192tk22/FileStorage/Temp/00d11db46987be3e1e1f8ef2318529d.png
1459,中国信息报道,王亚坤、杨文彬,中央级,http://xinxibd.tsxxg.cn/62961/aa565414290.html
1587,厦门综合广播,王亚坤,地市级,file:///D:/360MoveData/Users/风清扬/Documents/WeChat Files/wxid_a5gxaxx192tk22/FileStorage/Temp/9c984ab06042239d7c2f06e3dbeda5a.png
1588,厦门交通,王亚坤,地市级,file:///D:/360MoveData/Users/风清扬/Documents/WeChat Files/wxid_a5gxaxx192tk22/FileStorage/Temp/73cd20bb47be0f30e85ca57278b03b6.png
1591,厦门日报,王亚坤,地市级,file:///D:/360MoveData/Users/风清扬/Documents/WeChat Files/wxid_a5gxaxx192tk22/FileStorage/Temp/4ba02035cf719936442fba635d95be0.png
1593,厦门广电,王亚坤,地市级,file:///D:/360MoveData/Users/风清扬/Documents/WeChat Files/wxid_a5gxaxx192tk22/FileStorage/Temp/5eb3aacf596e671d6682a40c47b77b6.png
1595,厦门自贸区,王亚坤,地市级,file:///D:/360MoveData/Users/风清扬/Documents/WeChat Files/wxid_a5gxaxx192tk22/FileStorage/Temp/e2e26129a8535c92df78b6a78bb9e89.png
1544,福建都市网,王亚坤,省部级,http://fujian365.cn/68fb7/8f44105662224.html
1549,福建都市网,戴美慧,省部级,http://fujian365.cn/68fb7/8f44105707432.html
1547,福建都市网,王亚坤、杨文彬,省部级,http://fujian365.cn/68fb7/8f44104662832.html
1634,全国基层党建网,刘楚逸,中央级,https://www.zgdj71.org.cn/yiyuandangjian/18202.html
1563,新浪财经,文承聪,省部级,https://finance.sina.com.cn/jjxw/2024-04-16/doc-inaryssy2807451.shtm
1546,福建企业网,王亚坤、杨文彬,省部级,http://fj.jkwindows.cn/e10b/b8b91579985.html
1548,福建企业网,戴美慧,省部级,http://fj.jkwindows.cn/e10b/b8b92494010.html
1543,福建企业网,王亚坤,省部级,http://fj.jkwindows.cn/e10b/b8b92454453.html
1636,全国基层党建网,丁高洁,中央级,https://www.zgdj71.org.cn/zhonghebaodao/18286.html
1190,PropertyGuru,赵琥珀,属地省部级,https://www.propertyguru.com.my/property-news/2024/11/212153/tropicana-begins-construction-on-lido-waterfront-boulevard-in-johor
1669,中国城市新闻网,魏曼曼,中央级,http://cncity.hainanhk.cn/a351/1b2013675362.html
1672,中国信息报道,魏曼曼,中央级,http://xinxibd.tsxxg.cn/62961/aa568376825.html
1675,中国信息报道,王亚坤,中央级,http://xinxibd.tsxxg.cn/62961/aa574982150.html
1665,中国企业新闻网,徐晓东,中央级,http://cnqiye.top/3aa/feb41556462.html
1696,海南新闻网,邓讷,省部级,http://binhaics.cn/450/ODk3OTA0MDI=.html
1663,未来网,吕昊临,中央级,https://news.k618.cn/finance/money/202407/t20240711_19772618.html
1703,海南新闻网,邓讷,省部级,http://binhaics.cn/450/ODk3OTY0NTY=.html
1712,海南新闻网,邓讷,省部级,http://binhaics.cn/450/ODk3OTY1MjI=.html
1732,广东新闻网,徐晓东,省部级,http://csxxb.cn/e9c/MTI0NjY5MzY4.html
1726,广东新闻网,吕昊临,省部级,http://csxxb.cn/e9c/MTMyMjI0OTEz.html
1729,广东头条网,徐晓东,省部级,http://gdtt.csxxb.cn/dce37/b0e27704298.html
1724,广东头条网,吕昊临,省部级,http://gdtt.csxxb.cn/dce37/b0e29383310.html
1730,广东资讯网,徐晓东,省部级,http://syjinri.cn/529/MTI0NjY5MzUw.html
1725,广东资讯网,吕昊临,省部级,http://syjinri.cn/529/MTMyMjI0OTA0.html
1746,广东头条网,徐晓东,省部级,http://gdtt.csxxb.cn/dce37/b0e30046508.html
1747,广东资讯网,徐晓东,省部级,http://syjinri.cn/529/MTM1MjA5Mjk1.html
1748,广东新闻网,徐晓东,省部级,http://csxxb.cn/e9c/MTM1MjA5MzA0.html
1752,广东之声,徐晓东,省部级,http://fzxinxi.cn/b9b/MTUwMjMyNjA=.html
1731,广东都市,徐晓东,省部级,http://lzdushi.cn/604/ODMxMTI5MDY=.html
1756,广东资讯网,徐晓东,省部级,http://syjinri.cn/529/MTM2NzI0Njc5.html
1757,广东新闻网,徐晓东,省部级,http://csxxb.cn/e9c/MTM2NzI0Njg4.html
1759,广东之声,徐晓东,省部级,http://fzxinxi.cn/b9b/MTUxOTE2MzQ=.html
1760,广东新闻网,魏曼曼,省部级,http://csxxb.cn/e9c/MTIzMDc4NjAw.html
1762,广东之声,魏曼曼,省部级,http://fzxinxi.cn/b9b/MTM2NzU0MDM=.html
1737,网易新闻,魏曼曼,省部级,https://www.163.com/dy/article/J7FQQR0G0550AXYG.html
1765,福建企业网,王亚坤,省部级,http://fj.jkwindows.cn/e10b/b8b107423218.html
1767,福建企业网,王亚坤,省部级,http://fj.jkwindows.cn/e10b/b8b104975003.html
1771,海西晨报,王亚坤,省部级,file:///D:/360MoveData/Users/风清扬/Documents/WeChat Files/wxid_a5gxaxx192tk22/FileStorage/Temp/e3ea42f7845434ac44829508a337b1f.jpg
1766,福建新闻网,王亚坤,省部级,http://fjxxw.top/ce9/MTUzNDYxNzM=.html
1768,福建新闻网,王亚坤,省部级,http://fjxxw.top/ce9/MTQ5OTY0Mjg=.html
1638,人民日报,丁高洁,中央级,https://www.peopleapp.com/column/30046218958-500005666489
1753,广东之窗,徐晓东,省部级,http://gyjinri.cn/0409c/0c830046522.html
192,广东网,董良好、张美怡,省部级,http://www.gd.hebgdhht.com/article/4vjk9dn.html
193,广东热线,董良好、张美怡,省部级,http://www.gd.hcpit.org/news/6058y9n.html
194,广东商业网,董良好、张美怡,省部级,http://www.gd.guishangwang.cn/news/zdnrpv3.html
195,广东文化网,董良好、张美怡,省部级,http://www.gd.tv56.com.cn/content/n2yo86k.html
196,广东信息网,董良好、张美怡,省部级,http://www.gd.0391xxw.cn/html/22j93yy.html
197,广州资讯网,董良好、张美怡,省部级,http://gz.cns-photo.com/item-r904vgz.html
202,广东热线,龙冬、张美怡,省部级,http://www.gd.hcpit.org/news/vpn8q5k.html
204,广东信息网,龙冬、张美怡,省部级,http://www.gd.0391xxw.cn/html/p2nkomg.html
203,广东文化网,龙冬、张美怡,省部级,http://www.gd.tv56.com.cn/content/g236wok.html
201,广东网,龙冬、张美怡,省部级,http://www.gd.hebgdhht.com/article/qw3kd8d.html
205,广东商业网,龙冬、张美怡,省部级,http://www.gd.guishangwang.cn/news/8gjnp9n.html
267,广州企业网,董良好、张美怡,地市级,http://www.gz.hcpit.org/news/33pk0my.html
269,广州资讯网,龙冬、张美怡,地市级,http://gz.cns-photo.com/item-y5kjvwj.html
268,广州企业网,龙冬、张美怡,地市级,http://www.gz.hcpit.org/news/bo4r9zg.html
2003,黄埔融媒,丁俊峰,地市级,
2007,我知网,丁高洁,地市级,
1813,陕西在线,陈志诚,省部级,http://ccjinri.cn/fc894/e9475644785.html
1843,陕西在线,陈志诚,省部级,http://ccjinri.cn/fc894/e9475644715.html
1779,陕西在线,陈志诚,省部级,http://ccjinri.cn/fc894/e9475644805.html
1828,陕西在线,陈志诚,省部级,http://ccjinri.cn/fc894/e9475644735.html
1798,陕西在线,陈志诚,省部级,http://ccjinri.cn/fc894/e9475644765.html
1918,陕西在线,陈志诚,省部级,http://ccjinri.cn/fc894/e9475638030.html
1858,陕西在线,陈志诚,省部级,http://ccjinri.cn/fc894/e9475644625.html
1993,陕西在线,陈志诚,省部级,http://ccjinri.cn/fc894/e9475635425.html
1873,陕西在线,陈志诚,省部级,http://ccjinri.cn/fc894/e9475644605.html
1888,陕西在线,陈志诚,省部级,http://ccjinri.cn/fc894/e9475643585.html
1903,陕西在线,陈志诚,省部级,http://ccjinri.cn/fc894/e9475643550.html
1933,陕西在线,陈志诚,省部级,http://ccjinri.cn/fc894/e9475636010.html
1963,陕西在线,陈志诚,省部级,http://ccjinri.cn/fc894/e9475635465.html
1948,陕西在线,陈志诚,省部级,http://ccjinri.cn/fc894/e9475635485.html
1978,陕西在线,陈志诚,省部级,http://ccjinri.cn/fc894/e9475635445.html
2029,来知识城呀,丁俊峰,地市级,
2039,花城视觉,李超美,地市级,
2106,厦门广电,王亚坤,地市级,file:///D:/360MoveData/Users/风清扬/Documents/WeChat Files/wxid_a5gxaxx192tk22/FileStorage/Temp/0124e33851656efff0268241dad1232.png
1196,EdgeProp,赵琥珀,属地省部级,https://www.edgeprop.sg/property-news/best-both-worlds-skypark-kepler-offers-advanced-modern-living-superb%C2%A0connectivity
895,大马南洋通,赵琥珀,属地省部级,https://www.facebook.com/seatocmy/photos/
2162,资深品牌人李亮,丁俊峰、任浩霖,行业,
1098,马来西亚中国报,赵琥珀,中央级,https://www.chinapress.com.my/20241113/%E6%9F%94%E4%BD%9B%E4%B8%BD%E9%83%BD%E6%B5%B7%E6%BB%A8%E5%A4%A7%E9%81%93%E9%A6%96%E6%9C%9F%E5%8F%91%E5%B1%95%E4%B8%BE%E8%A1%8C%E5%8A%A8%E5%9C%9F%E7%A4%BC/
2256,中国城市新闻网,刘芳,中央级,http://cncity.hainanhk.cn/a351/1b2016624102.html
2240,中国城市新闻网,刘芳,中央级,http://cncity.hainanhk.cn/a351/1b2016271646.html
2266,中国城市新闻网,廖继红,中央级,http://cncity.hainanhk.cn/a351/1b2016656780.html
2184,人民日报,刘冠林,中央级,https://www.peopleapp.com/rmharticle/30046672292
2251,中国企业网,黄婵萍,中央级,https://www.zqcn.com.cn/886/68084.html
2263,中华建设网,廖继红,中央级,https://www.zhjsw.cn/news/show-54099.html
2247,中华建设网,黄婵萍,中央级,https://www.zhjsw.cn/news/show-52601.html
2269,中华建设网,徐立军,中央级,https://www.zhjsw.cn/news/show-54097.html
2264,中国企业网,廖继红,中央级,https://www.zqcn.com.cn/135/73490.html
2258,中国信息报道网,刘芳,中央级,http://xinxibd.tsxxg.cn/62961/aa583120525.html
2242,中国信息报道网,刘芳,中央级,http://xinxibd.tsxxg.cn/62961/aa581358240.html
2280,中华建设网,唐良桥,中央级,https://www.zhjsw.cn/jianshezhishu/show.php?itemid=2066
2252,中国市场调查网,黄婵萍,中央级,http://www.cmrn.cmsapis.com/view/article.aspx?noce_str=86e9f5c3-d93b-45f2-9edb-3e18b113453c&article_filepath=%2fcms%2f2024%2f08%2f05%2faeb0437c5d.shtml
2318,广东建设发布,丁俊峰,省部级,
2313,鲁网,刘冠林,省部级,https://f.sdnews.com.cn/syxx/202409/t20240923_4436418.htm
1185,bmdam,赵琥珀,属地省部级,https://www.instagram.com/bmdam.org.my/p/DB1IxabOmSS/?img_index=1
1188,东方online,赵琥珀,属地省部级,https://www.orientaldaily.com.my/news/business/2024/11/01/690220
2335,广东资讯网,刘楚逸,省部级,http://syjinri.cn/529/MTQ1NzUzMjYz.html
2336,广东都市网,刘楚逸,省部级,http://lzdushi.cn/604/OTcxNjg4NDg=.html
2342,广东资讯网,吕昊临,省部级,http://syjinri.cn/529/MTQ4NjEyMjM5.html
2343,广东都市网,吕昊临,省部级,http://lzdushi.cn/604/OTkwNzQ4MzI=.html
2337,广东新闻网,刘楚逸,省部级,http://csxxb.cn/e9c/MTQ1NzUzMjgx.html
1198,yahoo news,赵琥珀,属地省部级,https://sg.news.yahoo.com/best-both-worlds-lido-waterfront-093000884.html
1199,KLCL,赵琥珀,属地省部级,https://www.pickastock.info/news?id=392866
1200,PICKASTOCK,赵琥珀,属地省部级,https://www.google.com/search?q=%E6%9F%94%E4%BD%9B%E4%B8%BD%E9%83%BD%E6%B5%B7%E6%BB%A8%E5%A4%A7%E9%81%93%E9%A6%96%E6%9C%9F%E5%8F%91%E5%B1%95%E4%B8%BE%E8%A1%8C%E5%8A%A8%E5%9C%9F%E7%A4%BC&sca_esv=9844c5af186a16ef&sxsrf=ADLYWII5aI8xYFhkto0reCKt4UKgdJdYFw:1732070084178&ei=xEo9Z-rMCtif4-EPj8iawAk&start=10&sa=N&sstk=ATObxK7U6HCXWGvDecH2mVaYDOxEOelWooi3cLz_pxXmIAns2bMqu2xni2bs9pBa8lt_Nb-9ea4sqwhQY393kype29soh7Lo5h5UxA&ved=2ahUKEwjqvt_w7-mJAxXYzzgGHQ-kBpgQ8tMDegQICBAE&biw=1470&bih=747&dpr=1#vhid=wi4IIF1m6bp_0M&vssid=_uks9Z_C_JeaR4-EP5tSBgA0_31
2363,广东资讯网,徐立军,省部级,http://syjinri.cn/529/MTQ1OTY3NzMz.html
2364,广东新闻网,徐立军,省部级,http://csxxb.cn/e9c/MTQ1OTY3NzQy.html
2371,广东资讯网,黄婵萍,省部级,http://syjinri.cn/529/MTM3Mzg4NjQ1.html
2372,广东新闻网,黄婵萍,省部级,http://csxxb.cn/e9c/MTM3Mzg4NjU0.html
1203,大马南洋通,赵琥珀,属地省部级,https://www.facebook.com/seatocmy/photos/
2375,广东之声,黄婵萍,省部级,http://fzxinxi.cn/b9b/MTUyNjU0MDk=.html
2383,广东新闻网,徐立军,省部级,http://csxxb.cn/e9c/MTQ5NjE2OTYz.html
2384,广东之声,徐立军,省部级,http://fzxinxi.cn/b9b/MTY2MjQxMDg=.html
2393,广东都市,唐良桥,省部级,http://lzdushi.cn/604/OTkwNzc1OTg=.html
2394,广东新闻网,唐良桥,省部级,http://csxxb.cn/e9c/MTQ4NjE2NDA2.html
2399,广东之声,唐良桥,省部级,http://fzxinxi.cn/b9b/MTY1MTI5NDA=.html
2386,南方工报,白占宝,省部级,http://wap.nfgb.com.cn/h5/html5/2024-10/09/content_15_28749.htm
2403,广东之窗,唐良桥,省部级,http://gyjinri.cn/0409c/0c833025890.html
2305,网易号,丁俊峰,省部级,https://m.163.com/dy/article/JCMOEUAV0550AXYG.html
2392,广东头条网,唐良桥,省部级,http://gdtt.csxxb.cn/dce37/b0e33025864.html
2341,广东头条网,吕昊临,省部级,http://gdtt.csxxb.cn/dce37/b0e33024940.html
2370,广东头条网,黄婵萍,省部级,http://gdtt.csxxb.cn/dce37/b0e30530808.html
2334,广东头条网,刘楚逸,省部级,http://gdtt.csxxb.cn/dce37/b0e32389612.html
2382,广东头条网,徐立军,省部级,http://gdtt.csxxb.cn/dce37/b0e33248212.html
2362,广东头条网,徐立军,省部级,http://gdtt.csxxb.cn/dce37/b0e32437272.html
2448,住宅法务网,丁俊峰,地市级,http://zhuz.fwfw.org.cn/show-59847.html
2425,福建省人民政府,文承聪,省部级,https://www.fj.gov.cn/zwgk/ztzl/gjcjgxgg/dt/202410/t20241007_6538814.htm
2472,知识城我知晒,丁俊峰,地市级,
2489,知识城我知晒,丁俊峰,地市级,
2496,知识城ing,丁俊峰,地市级,
2273,人民政协网,唐良桥,中央级,https://www.rmzxb.com.cn/c/2024-09-29/3612409.shtml?n2m=1
2563,魅力深圳网,唐良桥,地市级,http://news.gzxxrb.cn/490a/147f16512952.html
2561,深圳之窗,唐良桥,地市级,http://win.cnszrx.cn/06951/11ab132103496.html
2565,深圳观察网,唐良桥,地市级,http://info.mdjrx.cn/11a9d/9571132103632.html
2569,鲁网财经频道,唐良桥,地市级,https://f.sdnews.com.cn/syxx/202409/t20240929_4439708.htm
2564,深圳报道网,唐良桥,地市级,http://info.guangzhoujr.cn/6c0/MTQ4NjE2NTc3.html
2560,深圳热线,唐良桥,地市级,http://cnszrx.cn/ffc/MTQ4NjE2Mzcw.html
2592,AI万全harbor,丁俊峰,行业,
2562,深圳都市网,唐良桥,地市级,http://szdushi.top/c1c/0a549538832.html
1500,海南资讯网,邓讷,省部级,http://hn.cnhuaibei.cn/c711b/69065414360.html
2566,深圳门户网,唐良桥,地市级,http://info.zgcsv.cn/9beca/96082564775.html
2610,广州民营科技园,李杰,行业,
2613,湾区财富通,丁俊峰,行业,
2640,学习强国,丁高洁,中央级,百灵·炫|广州举办粤港澳大湾区建设劳动和技能竞赛推进会 (xuexi.cn)
2637,南方工报,丁俊峰,中央级,http://wap.nfgb.com.cn/html5/2024-08/07/node_1.htm?v=1&curr=1
2638,南方工报,丁俊峰,中央级,https://wap.nfgb.com.cn/html5/2024-08/07/node_1.htm?v=1
1787,陕西热线,陈志诚,省部级,http://www.sx.hcpit.org/news/zm0g263.html
1788,陕西网,陈志诚,省部级,http://www.sx.hebgdhht.com/article/82d5y0n.html
1789,陕西文化网,陈志诚,省部级,http://www.sx.tv56.com.cn/p/52y2y2n.html
1790,陕西信息网,陈志诚,省部级,http://www.sx.0391xxw.cn/html/mzqzqzo.html
2703,广东省总工会,丁俊峰,省部级,
2706,粤工会,丁俊峰,省部级,
1802,陕西热线,陈志诚,省部级,http://www.sx.hcpit.org/news/jg56vro.html
1803,陕西网,陈志诚,省部级,http://www.sx.hebgdhht.com/article/om4o3yy.html
1805,陕西信息网,陈志诚,省部级,http://www.sx.0391xxw.cn/html/4252522.html
1804,陕西文化网,陈志诚,省部级,http://www.sx.tv56.com.cn/p/9pzpzpm.html
1817,陕西热线,陈志诚,省部级,http://www.sx.hcpit.org/news/g9p4vyk.html
1818,陕西网,陈志诚,省部级,http://www.sx.hebgdhht.com/article/pdr5v6g.html
1819,陕西文化网,陈志诚,省部级,http://www.sx.tv56.com.cn/p/wopopoz.html
1820,陕西信息网,陈志诚,省部级,http://www.sx.0391xxw.cn/html/d2g2g2n.html
2718,网易号,丁俊峰,省部级,https://m.163.com/dy/article/JCMOEUAV0550AXYG.html
1832,陕西热线,陈志诚,省部级,http://www.sx.hcpit.org/news/dm3dvyn.html
1834,陕西文化网,陈志诚,省部级,http://www.sx.tv56.com.cn/p/6zgzgz3.html
1833,陕西网,陈志诚,省部级,http://www.sx.hebgdhht.com/article/wjz3q6z.html
1835,陕西信息网,陈志诚,省部级,http://www.sx.0391xxw.cn/html/q2b2b24.html
2745,广东头条网,刘楚逸,省部级,http://gdtt.csxxb.cn/dce37/b0e32389612.html
2746,广东资讯网,刘楚逸,省部级,http://syjinri.cn/529/MTQ1NzUzMjYz.html
2747,广东都市网,刘楚逸,省部级,http://lzdushi.cn/604/OTcxNjg4NDg=.html
2748,广东新闻网,刘楚逸,省部级,http://csxxb.cn/e9c/MTQ1NzUzMjgx.html
1847,陕西热线,陈志诚,省部级,http://www.sx.hcpit.org/news/4vjgrq2.html
1848,陕西网,陈志诚,省部级,http://www.sx.hebgdhht.com/article/92wmkqm.html
1849,陕西文化网,陈志诚,省部级,http://www.sx.tv56.com.cn/p/vjgjgj0.html
1850,陕西信息网,陈志诚,省部级,http://www.sx.0391xxw.cn/html/b6j6j68.html
2752,海南新闻网,邓讷,省部级,http://binhaics.cn/450/OTY1NzcxNTI=.html
1862,陕西热线,陈志诚,省部级,http://www.sx.hcpit.org/news/y5kz56b.html
2764,广东资讯网,徐晓东,省部级,http://syjinri.cn/529/MTQwODgwODM0.html
2765,广东新闻网,徐晓东,省部级,http://csxxb.cn/e9c/MTQwODgwODQz.html
1863,陕西网,陈志诚,省部级,http://www.sx.hebgdhht.com/article/bo45omr.html
1864,陕西文化网,陈志诚,省部级,http://www.sx.tv56.com.cn/p/q2b2q3p.html
1865,陕西信息网,陈志诚,省部级,http://www.sx.0391xxw.cn/html/vjgjmn8.html
2646,人民日报,刘冠林,中央级,https://www.peopleapp.com/rmharticle/30046672292
2770,广东头条网,吕昊临,省部级,http://gdtt.csxxb.cn/dce37/b0e30413610.html
2771,广东资讯网,吕昊临,省部级,http://syjinri.cn/529/MTM2ODYxMjU0.html
2772,广东新闻网,吕昊临,省部级,http://csxxb.cn/e9c/MTM2ODYxMjYz.html
2633,人民日报,丁俊峰,中央级,https://www.peopleapp.com/column/30046145432-500005649109
2780,广东头条网,廖继红,省部级,http://gdtt.csxxb.cn/dce37/b0e31927512.html
2781,广东资讯网,廖继红,省部级,http://syjinri.cn/529/MTQzNjczODEz.html
2783,广东新闻网,廖继红,省部级,http://csxxb.cn/e9c/MTQzNjczODQw.html
2784,广东都市,廖继红,省部级,http://lzdushi.cn/604/OTU3ODI1NTQ=.html
1877,陕西热线,陈志诚,省部级,http://www.sx.hcpit.org/news/vpnrpoz.html
1878,陕西网,陈志诚,省部级,http://www.sx.hebgdhht.com/article/bo45opr.html
1879,陕西文化网,陈志诚,省部级,http://www.sx.tv56.com.cn/p/b6j6vmy.html
1880,陕西信息网,陈志诚,省部级,http://www.sx.0391xxw.cn/html/ymnm462.html
1892,陕西热线,陈志诚,省部级,http://www.sx.hcpit.org/news/vpnrp2j.html
2668,中国品牌新闻网,邓讷,中央级,http://www.ppxw.net/kuaixun/20240909/4701.html
1893,陕西网,陈志诚,省部级,http://www.sx.hebgdhht.com/article/qw3zwvz.html
1894,陕西文化网,陈志诚,省部级,http://www.sx.tv56.com.cn/p/52y2mzv.html
1895,陕西信息网,陈志诚,省部级,http://www.sx.0391xxw.cn/html/mzqzbr5.html
1907,陕西热线,陈志诚,省部级,http://www.sx.hcpit.org/news/r90doyr.html
1908,陕西网,陈志诚,省部级,http://www.sx.hebgdhht.com/article/33p8gnr.html
1909,陕西文化网,陈志诚,省部级,http://www.sx.tv56.com.cn/p/n2y2kbm.html
1910,陕西信息网,陈志诚,省部级,http://www.sx.0391xxw.cn/html/22j2bdq.html
1922,陕西热线,陈志诚,省部级,http://www.sx.hcpit.org/news/qw3zjbm.html
1923,陕西网,陈志诚,省部级,http://www.sx.hebgdhht.com/article/605jogk.html
1924,陕西文化网,陈志诚,省部级,http://www.sx.tv56.com.cn/p/8gjgko0.html
1925,陕西信息网,陈志诚,省部级,http://www.sx.0391xxw.cn/html/zdnd54o.html
1937,陕西热线,陈志诚,省部级,http://www.sx.hcpit.org/news/82d5mkz.html
1938,陕西网,陈志诚,省部级,http://www.sx.hebgdhht.com/article/zm0gk5y.html
1940,陕西信息网,陈志诚,省部级,http://www.sx.0391xxw.cn/html/zdnd5rq.html
1939,陕西文化网,陈志诚,省部级,http://www.sx.tv56.com.cn/p/8gjgknr.html
1952,陕西热线,陈志诚,省部级,http://www.sx.hcpit.org/news/g9p4nby.html
1953,陕西网,陈志诚,省部级,http://www.sx.hebgdhht.com/article/pdr5p8v.html
1954,陕西文化网,陈志诚,省部级,http://www.sx.tv56.com.cn/p/g232b6d.html
2877,我知网,丁俊峰,行业,
2878,我知网,彭浩然,行业,
2879,我知网,丁高洁,行业,
1955,陕西信息网,陈志诚,省部级,http://www.sx.0391xxw.cn/html/p2n28k9.html
2887,住宅法务网,丁俊峰,行业,http://zhuz.fwfw.org.cn/show-59847.html
1967,陕西热线,陈志诚,省部级,http://www.sx.hcpit.org/news/53opj4o.html
1968,陕西网,陈志诚,省部级,http://www.sx.hebgdhht.com/article/om4ogkg.html
1969,陕西文化网,陈志诚,省部级,http://www.sx.tv56.com.cn/p/n2y2kvy.html
1970,陕西信息网,陈志诚,省部级,http://www.sx.0391xxw.cn/html/22j2bp3.html
1982,陕西热线,陈志诚,省部级,http://www.sx.hcpit.org/news/dm3dn62.html
1983,陕西网,陈志诚,省部级,http://www.sx.hebgdhht.com/article/mowpnyp.html
1984,陕西文化网,陈志诚,省部级,http://www.sx.tv56.com.cn/p/8gjgkz9.html
1985,陕西信息网,陈志诚,省部级,http://www.sx.0391xxw.cn/html/zdnd5o4.html
1997,陕西热线,陈志诚,省部级,http://www.sx.hcpit.org/news/605jom6.html
1998,陕西网,陈志诚,省部级,http://www.sx.hebgdhht.com/article/33p8gj0.html
1999,陕西文化网,陈志诚,省部级,http://www.sx.tv56.com.cn/p/22j2b8p.html
2000,陕西信息网,陈志诚,省部级,http://www.sx.0391xxw.cn/html/k2326nk.html
2662,中国文促网,邓讷,中央级,http://www.eco-gecpa.net/news/2024/0909/2167.html
2924,全国基层党建网,丁高洁,中央级,https://www.zgdj71.org.cn/zhonghebaodao/17136.html
2975,中国信息报道网,王亚坤,中央级,http://xinxibd.tsxxg.cn/62961/aa573887395.html
2980,中国城市新闻网,王亚坤,中央级,http://cncity.hainanhk.cn/a351/1b2014145726.html
2987,中国网,王亚坤,中央级,http://life.china.com.cn/gonggao/zixun/detail2_2024_06/20/4427831.html
3021,南方工报,沈芳霞,省部级,http://wap.nfgb.com.cn/html5/2024-06/27/content_14_26505.htm?curr=
3001,环球旅讯,文承聪,中央级,https://www.traveldaily.cn/express/182743
2994,中华建设网,赵琥珀,中央级,https://www.zhjsw.cn/news/show-51375.html
3024,广东省人民政府,张泽,省部级,http://www.gd.gov.cn/gdywdt/zwzt/ygadwq/rlt/content/post_4446187.html
3026,网易,张泽,省部级,https://www.163.com/dy/article/J5MHAV3D0550AXYG.html
2943,人民日报,廖文斌,中央级,https://www.peopleapp.com/column/30045797831-500005575083
3106,网易,廖文斌,省部级,https://www.163.com/dy/article/J6P6DDAM0550AXYG.html
3140,海南新闻网,邓讷,省部级,http://binhaics.cn/450/ODU2MTM1OTI=.html
3182,广东资讯网,吕昊临,省部级,http://syjinri.cn/529/MTI4MzY1NTg3.html
3183,广东新闻网,吕昊临,省部级,http://csxxb.cn/e9c/MTI4MzY1NTk2.html
3148,海南都市日报,邓讷,省部级,http://hndsrb.cn/5f3/ODU2MTM2NDA=.html
3193,广东头条网,程维格,省部级,http://gdtt.csxxb.cn/dce37/b0e28971214.html
3194,广东资讯网,程维格,省部级,http://syjinri.cn/529/MTMwMzcwNDcy.html
3196,广东都市,程维格,省部级,http://lzdushi.cn/604/ODY5MTM2NjA=.html
3197,广东新闻网,程维格,省部级,http://csxxb.cn/e9c/MTMwMzcwNDk5.html
3169,南方工报纸媒,白占宝,省部级,http://wap.nfgb.com.cn/html5/2024-06/21/node_15.htm?curr=0
3171,南方工报纸媒,白占宝,省部级,http://wap.nfgb.com.cn/html5/2024-06/25/node_12.htm
3168,南方工报,白占宝,省部级,http://wap.nfgb.com.cn/html5/2024-06/21/content_15_26352.htm
3203,广东头条网,徐晓东,省部级,http://gdtt.csxxb.cn/dce37/b0e29019074.html
3204,广东资讯网,徐晓东,省部级,http://syjinri.cn/529/MTMwNTg1ODQy.html
3206,广东都市,徐晓东,省部级,http://lzdushi.cn/604/ODcwNTcyNDA=.html
3207,广东新闻网,徐晓东,省部级,http://csxxb.cn/e9c/MTMwNTg1ODY5.html
3170,南方工报,白占宝,省部级,http://wap.nfgb.com.cn/html5/2024-06/25/content_12_26446.htm
3144,海南海口网,邓讷,省部级,http://hainanhk.cn/9da02/39f71344680.html
3217,海西晨报,王亚坤,省部级,file:///D:/360MoveData/Users/风清扬/Documents/WeChat Files/wxid_a5gxaxx192tk22/FileStorage/Temp/17fab99a27f15861e8cd1b17c10f156.png
3213,福建新闻网,王亚坤,省部级,http://fjxxw.top/ce9/MTQ3Nzc0NzY=.html
3255,湛江日报,李辉,地市级,
3212,福建企业网,王亚坤,省部级,http://fj.jkwindows.cn/e10b/b8b103442339.html
3192,广东信息港,程维格,省部级,http://gdg.cnxxb.cn/fd9/ODY5MTM2MzY=.html
3184,广东信息网,吕昊临,省部级,http://gd.cnsprb.cn/49657/8da71314225.html
3238,福建省商务厅,文承聪,省部级,https://swt.fujian.gov.cn/xxgk/jgzn/jgcs/kgc/gzdt/202407/t20240710_6481694.htm
3349,来知识城呀,丁俊峰,地市级,
3350,知识城发展,丁俊峰,地市级,
3351,知识城发展,丁俊峰,地市级,
3353,冲哥说产业招商,丁俊峰,地市级,
3327,湛江市第二中医医院,李辉,地市级,https://www.zjshtcm.com/xinwendongtai/yiyuandongtai/1534.html
3374,黄埔生活汇,丁俊峰,地市级,
3500,剑指十方,丁俊峰,行业,
3501,Real.Estate.Agent.in.Guangzhou,丁俊峰,行业,
3502,Evellllllyn,丁俊峰,行业,
2888,房地产法务网,丁俊峰,行业,http://fdc.fzxfb.org.cn/show-55577.html
3535,中国民用航空网,文承聪,行业,https://www.ccaonline.cn/newsflashes/968001.html
2558,广州市黄埔区人民政府,徐立军,地市级,https://www.hp.gov.cn/2021gb/zz/zjdt/content/post_9571821.html
2600,房地产法务网,丁俊峰,行业,http://fdc.fzxfb.org.cn/show-55577.html
