273,厦门广播电台,王亚坤、陈展红,地市级,file:///D:/360MoveData/Users/风清扬/Documents/WeChat Files/wxid_a5gxaxx192tk22/FileStorage/Temp/2f2739689fb5478ce0055b8dfab49ad.png
275,厦门广电,王亚坤、陈展红,地市级,file:///D:/360MoveData/Users/风清扬/Documents/WeChat Files/wxid_a5gxaxx192tk22/FileStorage/Temp/0ee6f8bd3b3bddf2c9a573411295a0d.png
497,海西晨报,王亚坤,省部级,file:///D:/360MoveData/Users/风清扬/Documents/WeChat Files/wxid_a5gxaxx192tk22/FileStorage/Temp/ff91711349d5075b130d6a64c3a4f53.jpg
276,业翔民安,王亚坤、陈展红,地市级,file:///D:/360MoveData/Users/风清扬/Documents/WeChat Files/wxid_a5gxaxx192tk22/FileStorage/Temp/9bc8241b3c5902ace46d1ac62480738.png
562,厦门综合广播,王亚坤,地市级,
563,思明快报,王亚坤,地市级,
628,网易网,丁高洁,省部级,融企联谊促交流，这场以球会友的篮球赛白云开打|华南|广东|广州|珠海|联谊_手机网易网 (163.com)
621,百度亮亮新世界,姚瑞哲,省部级,T1、T2成功“牵手”！广州白云机场成世界最大单体航站楼 (baidu.com)
607,CCTV-1,陈志诚,中央级,
629,新快网,丁高洁,省部级,融企联谊促交流，这场以球会友的篮球赛白云开打__新快网 (xkb.com.cn)
694,中国广州政府,姚瑞哲,地市级,白云机场东四西四指廊投运 - 广州市人民政府门户网站 (gz.gov.cn)
223,海西晨报,王亚坤、陈展红,省部级,file:///D:/360MoveData/Users/风清扬/Documents/WeChat Files/wxid_a5gxaxx192tk22/FileStorage/Temp/1e6b74e4b6a9cd3f82fe64a5ee694c7.png
624,广东消委会,姚瑞哲,省部级,合体！全球最大！广州白云机场宣布 (qq.com)
702,物流新闻,姚瑞哲,地市级,广州白云机场东四西四指廊投运 - 物流指闻 (headscm.com)
969,I听厦门,王亚坤,地市级,file:///D:/360MoveData/Users/风清扬/Documents/WeChat Files/wxid_a5gxaxx192tk22/FileStorage/Temp/b8e28b387f6f9eb96e623f8fb636442.png
892,海西晨报,王亚坤,省部级,file:///D:/360MoveData/Users/风清扬/Documents/WeChat Files/wxid_a5gxaxx192tk22/FileStorage/Temp/4964933a9ef76b22293f8b6ce64089f.png
177,椰城椰城 ,,省部级,通行效率提高5成！海口这个匝道通车→ (qq.com)
179,北青网,,省部级,海口滨海立交改造工程项目开放通车 (baidu.com)
1017,中航工业,王亚坤,行业,file:///D:/360MoveData/Users/风清扬/Documents/WeChat Files/wxid_a5gxaxx192tk22/FileStorage/Temp/8e04fc46bc2eb96d23d00c83d80e027.png
778,中国基层网,朱莹、邓讷,中央级,http://www.chinajiceng.com.cn/news/2024-11-29/266776.html
117,中国基层网,王亚坤,中央级,http://www.chinajiceng.com.cn/news/2024-03-16/242469.html
153,广东资讯网,欧阳琳,省部级,http://syjinri.cn/529/MTEyNDcwNzY4.html
864,广东资讯网,蔡雯静,省部级,http://syjinri.cn/529/MTI4NzI3NTQ5.html
869,广东资讯网,蔡雯静,省部级,http://syjinri.cn/529/MTQ5NzUzNjAx.html
121,中国财经在线,王亚坤,中央级,http://zgfinance.top/a3326/ba561237970.html
172,海南新闻网,邓讷,省部级,http://binhaics.cn/450/NzU5MTA1MjQ=.html
477,海南新闻网,朱莹、邓讷,省部级,http://binhaics.cn/450/NzI3MTczODQ=.html
460,海南新闻网,邓讷、徐波,省部级,http://binhaics.cn/450/NjMzNjUyNjI=.html
469,海南新闻网,朱莹、邓讷,省部级,http://binhaics.cn/450/NjM2NDI3NzQ=.html
650,东方今报网,王吉,省部级,http://www.jinbw.com.cn/a/20240131/n_1706678456329246.html
484,今报网,王吉,省部级,http://www.jinbw.com.cn/a/20240220/n_1708397533330138.html
492,今报网,王吉,省部级,http://www.jinbw.com.cn/a/20240301/n_1709260603331114.html
648,今报网,吕昊临,省部级,http://www.jinbw.com.cn/a/20240116/n_1705396050327785.html
488,今报网,王吉,省部级,http://www.jinbw.com.cn/a/20240228/n_1709090030330828.html
498,福建企业网,王亚坤,省部级,http://fj.jkwindows.cn/e10b/b8b74015298.html
212,福建企业网,王亚坤,省部级,http://fj.jkwindows.cn/e10b/b8b85733172.html
213,福建都市网,王亚坤,省部级,http://fujian365.cn/68fb7/8f4497980760.html
217,福建都市网,王亚坤,省部级,http://fujian365.cn/68fb7/8f4499106224.html
219,福建都市网,王亚坤、蓝伟冰,省部级,http://fujian365.cn/68fb7/8f4499533528.html
499,福建都市网,王亚坤,省部级,http://fujian365.cn/68fb7/8f4484588920.html
164,海南都市日报,邓讷,省部级,http://hndsrb.cn/5f3/NzU5MTA1OTY=.html
61,环球视点网,马松涛,地市级,http://www.hqsdw.com/?list_73/2701.html=
168,海南海口网,邓讷,省部级,http://hainanhk.cn/9da02/39f63258790.html
421,南方工报,"宋耀明
安琼",省部级,http://wap.nfgb.com.cn/html5/2024-03/01/node_1.htm?curr=3
422,南方工报,"宋耀明
安琼",省部级,http://epaper.grzx.com.cn/html/2024-03/01/content_13_23773.htm
122,中国信息报道,王亚坤,中央级,http://xinxibd.tsxxg.cn/62961/aa561238000.html
1,人民视点,马松涛,中央级,http://www.rmkbw.cn/?wenlv/9105.html=
436,广东羊城网,宋耀明,省部级,http://cnycw.cn/f37f/70cd10541898.html
445,广东网,"安琼
宋耀明",省部级,http://gd.nezhucheng.cn/da63/ea5b10605452.html
38,南方工报,乔健,省部级,http://wap.nfgb.com.cn/html5/2024-02/05/node_1.htm?v=1&curr=2
187,南方工报,杨德晨、张美怡,省部级,http://wap.nfgb.com.cn/html5/2024-03/19/content_15_24161.htm?curr=
850,广东监理,吕昊临,省部级,https://news.scut.edu.cn/2024/1211/c41a56571/page.htm
188,南方工报,张美怡,省部级,http://wap.nfgb.com.cn/html5/2024-04/01/content_14_24470.htm?curr=
637,广东网,安琼,省部级,http://gd.nezhucheng.cn/da63/ea5b9901786.html
474,海南热线,朱莹、邓讷,省部级,http://hainan.fa115.cn/7751/1b784836962.html
47,广东网,安琼,省部级,http://gd.nezhucheng.cn/da63/ea5b10152682.html
467,海南在线,朱莹、邓讷,省部级,http://hn.mlzgb.cn/5e3e4/93453035635.html
872,广东生活网,蔡雯静,省部级,http://gd.baodaocn.cn/ea57/b5c766557168.html
431,广东网,崔国玉,省部级,http://gd.nezhucheng.cn/da63/ea5b10526286.html
475,海南在线,朱莹、邓讷,省部级,http://hn.mlzgb.cn/5e3e4/93460597845.html
384,中国财经在线,王亚坤,中央级,http://cn.cyceo.cn/a951/893341120776.html
42,南方工报,乔健,省部级,http://www.nfgb.com.cn/zg/content/post_1228207.html
448,海南热线,邓讷,省部级,http://hainan.fa115.cn/7751/1b772974650.html
150,广东羊城网,安琼,省部级,http://cnycw.cn/f37f/70cd12490071.html
173,海南之窗,邓讷,省部级,http://window.dhnnews.cn/6d5d5/66563258765.html
806,中国深圳网,蔡雯静,中央级,http://shenzhen.mlzgb.cn/2f5/MTE2ODIwMjUy.html
863,广东头条网,蔡雯静,省部级,http://gdtt.csxxb.cn/dce37/b0e28606120.html
868,广东头条网,蔡雯静,省部级,http://gdtt.csxxb.cn/dce37/b0e33278576.html
232,广东网,赵琥珀,省部级,http://gd.nezhucheng.cn/da63/ea5b12121096.html
478,魅力海南,朱莹、邓讷,省部级,http://meili.dhnnews.cn/7b0/NzI3MTczOTA=.html
432,广东羊城网,崔国玉,省部级,http://cnycw.cn/f37f/70cd10526288.html
447,海南在线,邓讷,省部级,http://hn.mlzgb.cn/5e3e4/93452124745.html
468,海南之窗,朱莹、邓讷,省部级,http://window.dhnnews.cn/6d5d5/66553035640.html
476,海南之窗,朱莹、邓讷,省部级,http://window.dhnnews.cn/6d5d5/66560597815.html
720,中国深圳网,安琼,地市级,http://shenzhen.mlzgb.cn/2f5/ODkxMTY0NTI=.html
859,广东网,蔡雯静,省部级,http://gd.nezhucheng.cn/da63/ea5b12980029.html
344,中国深圳网,宋耀明,中央级,http://shenzhen.mlzgb.cn/2f5/OTQ4NzcwNzM=.html
486,新华报业江南时报网,王吉,省部级,http://www.jntimes.cn/xxzx/202402/t20240228_8219101.shtml
862,广东在线,蔡雯静,省部级,http://gdzaixian.com.cn/9db4b/3d0f114424472.html
167,海南都市,邓讷,省部级,http://hainan.mlzgb.cn/563b3/53325303518.html
348,中国深圳网,安琼,中央级,http://shenzhen.mlzgb.cn/2f5/OTUxNDQ2MjU=.html
473,海南播报网,朱莹、邓讷,省部级,http://hainan.huaxiazx.cn/0ee75/b6b53035665.html
873,广东网,蔡雯静,省部级,http://gd.nezhucheng.cn/da63/ea5b16639293.html
861,广东在线,蔡雯静,省部级,http://gdzaixian.com.cn/9db4b/3d0f103840216.html
163,海南播报网,邓讷,省部级,http://hainan.huaxiazx.cn/0ee75/b6b63258835.html
653,新华报业网,王吉,省部级,https://www.xhby.net/content/s65bb0ef5e4b00bc445154319.html
383,中国快讯,王亚坤,中央级,http://www.ertw.com.cn/a/xinwen/toutiao/2674.html
60,民生中国周刊,马松涛,地市级,https://mszgzk.com/?list_25/4700.html=
1152,广东头条网,王聪,省部级,http://gdtt.csxxb.cn/dce37/b0e31685546.html
336,中国青年网转载,崔国玉,中央级,https://df.youth.cn/dfzl/202403/t20240306_15115737.htm
552,深圳在线,"安琼
宋耀明",地市级,http://sz.gdzaixian.com.cn/1c4c/6a0342421820.html
124,中国聚焦网,王亚坤,中央级,http://jujiaow.hebdushi.cn/56794/91561237990.html
350,中国青年网转载,"安琼
宋耀明",中央级,https://df.youth.cn/dfzl/202403/t20240312_15128808.htm
341,中国青年网转载,宋耀明,中央级,https://df.youth.cn/dfzl/202403/t20240307_15117480.htm
392,中国青年网,文承聪,中央级,https://df.youth.cn/dfzl/202403/t20240307_15117542.htm
678,当代先锋网,陈志诚,省部级,http://www.ddcpc.cn/znlv3/202401/t20240119_6514065.shtml
1038,民航之翼,文承聪,行业,https://mp.weixin.qq.com/s/EHYQMyG6Oc_7TrflYNjM4w
995,海峡导报大角美,文承聪,地市级,https://mp.weixin.qq.com/s/S_mGGFHTMVS735dsQtWVmg
980,厦门日报,文承聪,地市级,https://mp.weixin.qq.com/s/SmWpvmpfKJj0bhX7y_rtHg
62,文明南沙,马松涛,地市级,https://mp.weixin.qq.com/s/RYX4RelE2ck3VjLWZjrwUA
956,云浮日报,刘芳,地市级,https://mp.weixin.qq.com/s/ui_qAcJM2hVrJAl_E4zeFg
721,深圳国资,"宋耀明
安琼",地市级,https://mp.weixin.qq.com/s/6UWwKMUEFSa4E-3ZkRg9ZA
544," 深圳城市旧改资讯","宋耀明
安琼",地市级,https://mp.weixin.qq.com/s/um7ETLRZO5wXwauQgxKRrQ
736,绿圈,姚瑞哲,行业,https://mp.weixin.qq.com/s/BQrhYf74Z7c_1utJctNwBw
292,湾区高楼迷,宋耀明,行业,https://mp.weixin.qq.com/s/lERkPttdNufl4fBDERsFfA
538,增城区融媒体中心,马松涛,地市级,https://mp.weixin.qq.com/s/q9npH0PDX2ZPAvmVR6Bjog
976,厦门网,文承聪,地市级,https://mp.weixin.qq.com/s/SkWIVj3wcRSE_vAjZaMj7g
700,知识城,姚瑞哲,地市级,https://mp.weixin.qq.com/s/c-apbNus01hMsaH2VpGqNg
977,花样厦门,文承聪,地市级,https://mp.weixin.qq.com/s/PSNqn3CoDC7qOKvY-ACH8Q
576,英雄三岛,文承聪,行业,https://mp.weixin.qq.com/s/wjr6snRjluXM96gIC2NkBA
1018,宝通门业,王亚坤,行业,https://mp.weixin.qq.com/s/9aJRfseMQhAfxp3jIrVltA
611,中国网,陈志诚,中央级,http://life.china.com.cn/gonggao/zixun/detail2_2024_01/20/4293853.html
46,广东之窗,安琼,省部级,http://gyjinri.cn/0409c/0c820305370.html
233,上海新闻网,赵琥珀,省部级,http://cndashanghai.cn/b09/MTIxMjEwOTU=.html
1155,广东之声,王聪,省部级,http://fzxinxi.cn/b9b/MTU4NDI3Nzc=.html
598,未来网,吕昊临,中央级,https://news.k618.cn/finance/money/202401/t20240116_19745525.html
339,中国深圳网,崔国玉,中央级,http://shenzhen.mlzgb.cn/2f5/OTQ3MzY1ODM=.html
1118,南方工报,丁高洁,省部级,https://wap.nfgb.com.cn/h5/html5/2024-11/15/content_11_29633.htm?curr=
866,广东新闻网,蔡雯静,省部级,http://csxxb.cn/e9c/MTI4NzI3NTY3.html
1153,广东新闻网,王聪,省部级,http://csxxb.cn/e9c/MTQyNTg0OTc1.html
870,广东新闻网,蔡雯静,省部级,http://csxxb.cn/e9c/MTQ5NzUzNjEw.html
48,广东新闻网,安琼,省部级,http://csxxb.cn/e9c/OTEzNzQxNDc=.html
419,广东新闻网,"宋耀明
安琼",省部级,http://csxxb.cn/e9c/OTM0MzcxOTk=.html
418,广东新闻网,崔国玉,省部级,http://csxxb.cn/e9c/OTM0MzcxNzI=.html
638,广东新闻网,安琼,省部级,http://csxxb.cn/e9c/ODkxMTY0NDM=.html
155,广东新闻网,欧阳琳,省部级,http://csxxb.cn/e9c/MTEyNDcwNzc3.html
156,广东信息网,欧阳琳,省部级,http://gd.cnsprb.cn/49657/8da62483770.html
615,东方网,丁高洁、姚瑞哲,省部级 ,https://qiye.chinadaily.com.cn/a/202401/31/WS65b9c6f6a31026469ab16e97.html
459,海南之窗,邓讷、徐波,省部级,http://window.dhnnews.cn/6d5d5/66552804380.html
1459,中国信息报道,王亚坤、杨文彬,中央级,http://xinxibd.tsxxg.cn/62961/aa565414290.html
633,网易,"宋耀明
安琼",省部级,https://www.163.com/dy/article/INC316L80535HX8T.html
146,广东网,"李东波
安琼",省部级,http://gd.nezhucheng.cn/da63/ea5b12241509.html
871,广东信息网,蔡雯静,省部级,http://gd.cnsprb.cn/49657/8da83196455.html
305,中青网,丁高洁,中央级,https://df.youth.cn/dfzl/202403/t20240307_15118499.htm
1504,海南都市日报,邓讷,省部级,http://hndsrb.cn/5f3/Nzg0OTcyMDg=.html
1508,海南海口网,邓讷,省部级,http://hainanhk.cn/9da02/39f65414320.html
1512,海南新闻网,邓讷,省部级,http://binhaics.cn/450/Nzg0OTcxNjA=.html
1037,翔安政务,文承聪,行业,https://mp.weixin.qq.com/s/bWSQWfW_ElvbhaAbtzrgtg
37,广东省总工会,丁高洁、沈芳霞,省部级,https://mp.weixin.qq.com/s/NW9m4kUVo7a2uvF2_o4fIw
619,中国民航报,姚瑞哲,省部级,https://mp.weixin.qq.com/s/hDOyztA13W2nwEpfuN5RYQ
441,广东羊城网,安琼,省部级,http://cnycw.cn/f37f/70cd10571626.html
1020,厦门市建设工程质量安全管理协会,王亚坤,行业,https://mp.weixin.qq.com/s/kKMa7tCTXWdiKu35jK6FLg
1029,厦门地铁,文承聪,行业,https://mp.weixin.qq.com/s/FNVLe7kKyRMZHVjzurJ0Dw
63,广州南沙发布,马松涛,地市级,https://mp.weixin.qq.com/s/cH04Qdouide0p7g7LLpFAw
1387,英雄三岛,文承聪,行业,https://mp.weixin.qq.com/s/3eKPBLJVhKMN2HvqzGCQbw
1309,翔安政务,文承聪,地市级,https://mp.weixin.qq.com/s/JtNX0upxd0SaCAT6i21KxQ
998,CSGKC发展观察者,姚瑞哲,行业,https://mp.weixin.qq.com/s/NS4ykV7YQZf-2aAOicqT2w
992,厦门日报视觉,文承聪,地市级,https://mp.weixin.qq.com/s/XLYc_TApVeUzwtV2ilJSkw
1013,info前沿,张泽钲,行业,https://mp.weixin.qq.com/s/JLIIyDu5IpFtWgaGwxEvMQ
987,厦门广电网,文承聪,地市级,https://mp.weixin.qq.com/s/bGa1UaYUXGvOSIRPng0yNg
1032,民用航空网,文承聪,行业,https://mp.weixin.qq.com/s/XtD5D7Py-L11tIPCbh8pig
294,湾区高楼迷,"刁琢
安琼",行业,https://mp.weixin.qq.com/s/t87pnN21T5SGeJqBX2CpHA
1036,业翔民安,文承聪,行业,https://mp.weixin.qq.com/s/ACYTKnEFobCnpw4GKWpNYQ
1518,海南都市日报,邓讷,省部级,http://hndsrb.cn/5f3/NzkwOTEyMzg=.html
658," 海外项目甲方信息库",赵琥珀,省部级,https://mp.weixin.qq.com/s/QYRrgHV8k8v19dtpGghydQ
1522,海南新闻网,邓讷,省部级,http://binhaics.cn/450/NzkwOTEyMDI=.html
1532,南方工报（纸媒）,白占宝,省部级,
464,海南在线,邓讷、徐波,省部级,http://hn.mlzgb.cn/5e3e4/93452804405.html
1543,福建企业网,王亚坤,省部级,http://fj.jkwindows.cn/e10b/b8b92454453.html
133,焦点中国网,赵琥珀,中央级,http://news.cnlehuo.com.cn/c22/MTIxMjEwOTQ=.html
1547,福建都市网,王亚坤、杨文彬,省部级,http://fujian365.cn/68fb7/8f44104662832.html
1550,福建发布,王亚坤,省部级,file:///D:/360MoveData/Users/风清扬/Documents/WeChat Files/wxid_a5gxaxx192tk22/FileStorage/Temp/06e74ad2076c3840634a54397768dcd.png
1549,福建都市网,戴美慧,省部级,http://fujian365.cn/68fb7/8f44105707432.html
1544,福建都市网,王亚坤,省部级,http://fujian365.cn/68fb7/8f44105662224.html
1546,福建企业网,王亚坤、杨文彬,省部级,http://fj.jkwindows.cn/e10b/b8b91579985.html
1548,福建企业网,戴美慧,省部级,http://fj.jkwindows.cn/e10b/b8b92494010.html
1552,海峡导报,王亚坤,省部级,file:///D:/360MoveData/Users/风清扬/Documents/WeChat Files/wxid_a5gxaxx192tk22/FileStorage/Temp/fae18480f37860fb5847a5297a97d53.png
1555,海西晨报,王亚坤,省部级,file:///D:/360MoveData/Users/风清扬/Documents/WeChat Files/wxid_a5gxaxx192tk22/FileStorage/Temp/aaff891313288a44af25fd4a70dcf5b.png
1556,海西晨报,王亚坤,省部级,file:///D:/360MoveData/Users/风清扬/Documents/WeChat Files/wxid_a5gxaxx192tk22/FileStorage/Temp/00d11db46987be3e1e1f8ef2318529d.png
162,海南品牌网,邓讷,省部级,http://hn.cnqyj.com.cn/017c/0bc88562376.html
508,大众网,文承聪,省部级,https://t.m.youth.cn/transfer/index/url/df.youth.cn/dfzl/202403/t20240307_15117542.htm
1587,厦门综合广播,王亚坤,地市级,file:///D:/360MoveData/Users/风清扬/Documents/WeChat Files/wxid_a5gxaxx192tk22/FileStorage/Temp/9c984ab06042239d7c2f06e3dbeda5a.png
1588,厦门交通,王亚坤,地市级,file:///D:/360MoveData/Users/风清扬/Documents/WeChat Files/wxid_a5gxaxx192tk22/FileStorage/Temp/73cd20bb47be0f30e85ca57278b03b6.png
1591,厦门日报,王亚坤,地市级,file:///D:/360MoveData/Users/风清扬/Documents/WeChat Files/wxid_a5gxaxx192tk22/FileStorage/Temp/4ba02035cf719936442fba635d95be0.png
1593,厦门广电,王亚坤,地市级,file:///D:/360MoveData/Users/风清扬/Documents/WeChat Files/wxid_a5gxaxx192tk22/FileStorage/Temp/5eb3aacf596e671d6682a40c47b77b6.png
1595,厦门自贸区,王亚坤,地市级,file:///D:/360MoveData/Users/风清扬/Documents/WeChat Files/wxid_a5gxaxx192tk22/FileStorage/Temp/e2e26129a8535c92df78b6a78bb9e89.png
579,中国青年网,丁高洁,中央级,https://df.youth.cn/dfzl/202401/t20240129_15050545.htm
304,中青网,马松涛,中央级,https://t.m.youth.cn/transfer/index/url/df.youth.cn/dfzl/202403/t20240304_15111912.htm
1287,咸宁新闻网,张美怡,地市级,http://www.xnnews.com.cn/zxsd25178/sqdt/202410/t20241025_3780482.shtml
1454,中国城市新闻网,王亚坤,中央级,http://cncity.hainanhk.cn/a351/1b2013207780.html
493,大众网,王吉,省部级,http://www.dzwww.com/xinwen/jishixinwen/202403/t20240301_13749537.htm
485,大众网,王吉,省部级,http://www.dzwww.com/xinwen/jishixinwen/202402/t20240220_13692834.htm
1669,中国城市新闻网,魏曼曼,中央级,http://cncity.hainanhk.cn/a351/1b2013675362.html
1672,中国信息报道,魏曼曼,中央级,http://xinxibd.tsxxg.cn/62961/aa568376825.html
1675,中国信息报道,王亚坤,中央级,http://xinxibd.tsxxg.cn/62961/aa574982150.html
94,中青网,丁高洁,中央级,https://df.youth.cn/dfzl/202403/t20240327_15158868.htm
651,大众网,王吉,省部级,http://www.dzwww.com/xinwen/jishixinwen/202401/t20240131_13603468.htm
645,大众网,吕昊临,省部级,http://www.dzwww.com/xinwen/jishixinwen/202401/t20240116_13522193.htm
1696,海南新闻网,邓讷,省部级,http://binhaics.cn/450/ODk3OTA0MDI=.html
1703,海南新闻网,邓讷,省部级,http://binhaics.cn/450/ODk3OTY0NTY=.html
1093,中国信息网,王亚坤,中央级,http://www.zgnews.com.cn/news/guonei/2024-10-23/37851.html
1712,海南新闻网,邓讷,省部级,http://binhaics.cn/450/ODk3OTY1MjI=.html
1230,花都论坛,杨晓晖,地市级,https://mp.weixin.qq.com/s/aGjiCnh1pBAR0KwmTZZicw
1235,客都1039电台,李杰,地市级,https://mp.weixin.qq.com/s/SyeN3GzKLRvqoYx6Qg2xZw
1237,黄埔科学城,丁高洁,地市级,https://mp.weixin.qq.com/s/LDGpfbrHpvRYTEJMnkoosQ
1357,工程新规范图集,陈荣君,行业,https://mp.weixin.qq.com/s/j2GSsKyNq131wNTZeONPYQ
1578,广州高新区发布,覃春晖,地市级,https://mp.weixin.qq.com/s?__biz=MzU3MDIyNjg1Ng==&mid=2247576165&idx=1&sn=74834ee74f740651edfce0b41bfbd955&chksm=fd5b522474bfb57bb2406758c84335f2d1e48a61bd88552916fcca1c448f08312dcab35d9a2c&scene=27
1218,棠下,姚瑞哲,地市级,https://mp.weixin.qq.com/s/URRcr17-NhPGcgcgH-9kHQ
1229,临空经济研究中心,杨晓晖,地市级,https://mp.weixin.qq.com/s/MDRdEFWSV5Pfc8xRm1i-9Q
1233,看黄埔,丁高洁,地市级,https://mp.weixin.qq.com/s/GlFsic8SKd6bb33zU9yrsA
1238,知识城ing,丁俊峰,地市级,https://mp.weixin.qq.com/s/BsiPYkQ92hdkovRxjP1e2w
1240,棠下,覃春晖,地市级,https://mp.weixin.qq.com/s/w7KCtNL5rdLz9mbVg6cYDQ
1239,花城楼讯,林玉柱,地市级,https://mp.weixin.qq.com/s/Rssc_BWAGXtux5JGuxWuEg
1234,粤知君,杨晓晖,地市级,https://mp.weixin.qq.com/s/2o2ArjE6cJtMPqSynfv6ow
972,花样厦门通,文承聪,地市级,https://mp.weixin.qq.com/s/p_3EEeQwwoTaKrWSdkyYyA
1232,黄埔生活汇,丁高洁,地市级,https://mp.weixin.qq.com/s/F9wyGxd0yDDTlExCwRSAFA
236,广州市白云区青年志愿者协会,丁高洁,地市级,https://mp.weixin.qq.com/s/ZHaPpa-n9bmwZq4PqjQ0Uw
1248,中新广州知识城在线发布,覃春晖,地市级,https://mp.weixin.qq.com/s/6G4J_5DzkgEKOXn9X5Kv3w
1725,广东资讯网,吕昊临,省部级,http://syjinri.cn/529/MTMyMjI0OTA0.html
1724,广东头条网,吕昊临,省部级,http://gdtt.csxxb.cn/dce37/b0e29383310.html
1726,广东新闻网,吕昊临,省部级,http://csxxb.cn/e9c/MTMyMjI0OTEz.html
1729,广东头条网,徐晓东,省部级,http://gdtt.csxxb.cn/dce37/b0e27704298.html
1732,广东新闻网,徐晓东,省部级,http://csxxb.cn/e9c/MTI0NjY5MzY4.html
1730,广东资讯网,徐晓东,省部级,http://syjinri.cn/529/MTI0NjY5MzUw.html
623,网易网,丁高洁,省部级,https://www.163.com/dy/article/INFVVK8F05566CMH.html
1746,广东头条网,徐晓东,省部级,http://gdtt.csxxb.cn/dce37/b0e30046508.html
1748,广东新闻网,徐晓东,省部级,http://csxxb.cn/e9c/MTM1MjA5MzA0.html
1747,广东资讯网,徐晓东,省部级,http://syjinri.cn/529/MTM1MjA5Mjk1.html
1752,广东之声,徐晓东,省部级,http://fzxinxi.cn/b9b/MTUwMjMyNjA=.html
1753,广东之窗,徐晓东,省部级,http://gyjinri.cn/0409c/0c830046522.html
1756,广东资讯网,徐晓东,省部级,http://syjinri.cn/529/MTM2NzI0Njc5.html
1757,广东新闻网,徐晓东,省部级,http://csxxb.cn/e9c/MTM2NzI0Njg4.html
1759,广东之声,徐晓东,省部级,http://fzxinxi.cn/b9b/MTUxOTE2MzQ=.html
1760,广东新闻网,魏曼曼,省部级,http://csxxb.cn/e9c/MTIzMDc4NjAw.html
1762,广东之声,魏曼曼,省部级,http://fzxinxi.cn/b9b/MTM2NzU0MDM=.html
1765,福建企业网,王亚坤,省部级,http://fj.jkwindows.cn/e10b/b8b107423218.html
1767,福建企业网,王亚坤,省部级,http://fj.jkwindows.cn/e10b/b8b104975003.html
1771,海西晨报,王亚坤,省部级,file:///D:/360MoveData/Users/风清扬/Documents/WeChat Files/wxid_a5gxaxx192tk22/FileStorage/Temp/e3ea42f7845434ac44829508a337b1f.jpg
1476,南方工报,丁高洁,省部级,http://wap.nfgb.com.cn/html5/2024-04/25/content_15_25011.htm?curr=
1472,南方工报,丁高洁,省部级,http://wap.nfgb.com.cn/html5/2024-04/18/content_14_24875.htm?curr=
1127,鲁网财经,马松涛,省部级,https://f.sdnews.com.cn/zwxx/202410/t20241030_4451387.htm
1474,南方工报,丁高洁,省部级,http://www.nfgb.com.cn/zg/content/mpost_1239707.html
6,中国企业经济网,安琼,中央级,http://innfinance.cn/baa6/a5571068767.html
1535,南方工报,白占宝,省部级,http://www.nfgb.com.cn/zg/content/mpost_1241058.html
1530,南方工报,白占宝,省部级,http://www.nfgb.com.cn/zg/content/mpost_1239127.html
1665,中国企业新闻网,徐晓东,中央级,http://cnqiye.top/3aa/feb41556462.html
1531,南方工报,白占宝,省部级,http://wap.nfgb.com.cn/html5/2024-04/23/content_15_24950.htm?curr=
1563,新浪财经,文承聪,省部级,https://finance.sina.com.cn/jjxw/2024-04-16/doc-inaryssy2807451.shtm
1354,工程辞典,陈荣君,行业,https://mp.weixin.qq.com/s/l9f0JzIOa-mJhKh0HdVatg
1351,广州交正公司,杨晓晖,行业,https://mp.weixin.qq.com/s/8TmwSkGHy9YYD-_veLPN7Q
1353,新房汇,林玉柱,行业,https://mp.weixin.qq.com/s/_GlOoaj9jjjPxdfJ7hfZlA
1345,工程招投标最新动态,陈荣君,行业,https://mp.weixin.qq.com/s/8yz4Vay91B_iozIwswv02w
1350,魅力科教城,覃春晖,行业,https://mp.weixin.qq.com/s/3IJqTyCgT6dVhxSUg8EtHA
1356,一吾一实,覃春晖,行业,https://mp.weixin.qq.com/s/ZdI-DMWpqwxUexT3SouX3Q
1347,施工企业之窗,陈荣君,行业,https://mp.weixin.qq.com/s/gb2zFaAsbO05UU1vjSqz6g
1346,路桥工程劳务分包平台,陈荣君,行业,https://mp.weixin.qq.com/s/kVHh_MtxEwUYVzkHgD6C-A
55,海南国资,邓讷,省部级,https://mp.weixin.qq.com/s/nPKHk6_GNgIFnqSvOFKQXg
1343,一手楼盘牛哥,林玉柱,行业,https://mp.weixin.qq.com/s/j3GE0GZy9GZwg_o_obKnLw
1605,厦门市社会组织总会,文承聪,地市级,https://mp.weixin.qq.com/s/IRlLr6veLxfeoTEFbqJj8g
1349,房产先生Diary,林玉柱,行业,https://mp.weixin.qq.com/s/eGBBnZptPC549kO3F8Z_2Q
526,佛山发布,丁高洁,地市级,https://mp.weixin.qq.com/s/biiBi6BybHXfe_y11sTbNw
1352,工程招投标最新动态,陈荣君,行业,https://mp.weixin.qq.com/s/lMJnA2ic4IS54ZWp8ttIRQ
1355,CBDTIMES,覃春晖,行业,https://mp.weixin.qq.com/s/CGem0HMY_LDBikWZ7TwKKQ
1222,青春白云,丁高洁,地市级,https://mp.weixin.qq.com/s/ggWdxAww7aC5eXN0eqPmNw
962,云浮共青团,刘芳,地市级,https://mp.weixin.qq.com/s/E5zvCUe9xawTUpcUqf1-0A
500,思明快报,王亚坤,地市级,https://mp.weixin.qq.com/s/SMDVGxme35xK4zKr7tnGFA
1776,东南网,文承聪,省部级,https://mp.weixin.qq.com/s/XlfSbhPvNmCqknLRRxoMAA
710,南沙投资,丁高洁,地市级,https://mp.weixin.qq.com/s/CEKCvpzYNPy4e1_rrd82ag
963,云浮妇联,刘芳,地市级,https://mp.weixin.qq.com/s/RFtxRQWF_z69CDmTxrweuQ
1221,知识城通,姚瑞哲,地市级,https://mp.weixin.qq.com/s/1m1a6lpjmutmjqCPuilNoQ
405,广东文体广播,马松涛,省部级,https://mp.weixin.qq.com/s/W5FRw-kRAFSv5eSSZZStXA
1618,大厦之门,文承聪,地市级,https://mp.weixin.qq.com/s/PoV7HF40MLVcy0qEk8jbYQ
991,厦门网,文承聪,地市级,https://mp.weixin.qq.com/s/O3oSOn2v1ONt7t5GTjpfiQ
1219,知识城周边事,姚瑞哲,地市级,https://mp.weixin.qq.com/s/n-oSyPebHLKSLIpyP1c07w
973,厦达通,文承聪,地市级,https://mp.weixin.qq.com/s/QqyOXhBE7bCVI-D8g60Q3Q
239,广州市南沙文化会,马松涛,地市级,https://mp.weixin.qq.com/s/hH4IUb9pelAM_ZDVf7DN3g
747,中国建筑设计研究院,陈志诚,行业,https://mp.weixin.qq.com/s/UkW30cAKpMTyTCUbVxq83g
529,房天下,丁高洁,地市级,https://mp.weixin.qq.com/s/8UrsoZ9fHMaokXlTccwnsw
1737,网易新闻,魏曼曼,省部级,https://www.163.com/dy/article/J7FQQR0G0550AXYG.html
1766,福建新闻网,王亚坤,省部级,http://fjxxw.top/ce9/MTUzNDYxNzM=.html
1768,福建新闻网,王亚坤,省部级,http://fjxxw.top/ce9/MTQ5OTY0Mjg=.html
371,中华建设网,王吉,中央级,https://www.zhjsw.cn/news/show-48499.html
1441,中华建设网,迟立刚,中央级,https://www.zhjsw.cn/news/show-49713.html
1636,全国基层党建网,丁高洁,中央级,https://www.zgdj71.org.cn/zhonghebaodao/18286.html
1507,海南都市,邓讷,省部级,http://hainan.mlzgb.cn/563b3/53326165730.html
1634,全国基层党建网,刘楚逸,中央级,https://www.zgdj71.org.cn/yiyuandangjian/18202.html
1731,广东都市,徐晓东,省部级,http://lzdushi.cn/604/ODMxMTI5MDY=.html
865,广东都市,蔡雯静,省部级,http://lzdushi.cn/604/ODU4MTgzNzI=.html
1436,未来网,迟立刚,中央级,https://news.k618.cn/finance/money/202404/t20240422_19758956.html
340,人民日报客户端,宋耀明,中央级,https://wap.peopleapp.com/article/rmh40181342/rmh40181342
1638,人民日报,丁高洁,中央级,https://www.peopleapp.com/column/30046218958-500005666489
2003,黄埔融媒,丁俊峰,地市级,
2007,我知网,丁高洁,地市级,
2029,来知识城呀,丁俊峰,地市级,
1750,广东热线,徐晓东,省部级,http://guangdong.mlzgb.cn/f32cd/1abb120186064.html
1751,广东生活网,徐晓东,省部级,http://gd.baodaocn.cn/ea57/b5c760093036.html
1718,海南大新闻网,邓讷,省部级,http://hainan.dacnnews.cn/87c/MTM0Njk0ODM3.html
2039,花城视觉,李超美,地市级,
1711,海南之窗,邓讷,省部级,http://window.dhnnews.cn/6d5d5/66574830430.html
1758,广东信息网,徐晓东,省部级,http://gd.cnsprb.cn/49657/8da75958165.html
1763,魅力广东,魏曼曼,省部级,http://gd.mlzgb.cn/fb1/MTIzMDc4NjM2.html
1801,陕西之窗,陈志诚,省部级,http://sxzcb.cn/af17/069215128956.html
325,人民日报客户端,"宋耀明
安琼",中央级,https://wap.peopleapp.com/article/rmh40049367/rmh40049367
1948,陕西在线,陈志诚,省部级,http://ccjinri.cn/fc894/e9475635485.html
1798,陕西在线,陈志诚,省部级,http://ccjinri.cn/fc894/e9475644765.html
1779,陕西在线,陈志诚,省部级,http://ccjinri.cn/fc894/e9475644805.html
1813,陕西在线,陈志诚,省部级,http://ccjinri.cn/fc894/e9475644785.html
1903,陕西在线,陈志诚,省部级,http://ccjinri.cn/fc894/e9475643550.html
1918,陕西在线,陈志诚,省部级,http://ccjinri.cn/fc894/e9475638030.html
1828,陕西在线,陈志诚,省部级,http://ccjinri.cn/fc894/e9475644735.html
1933,陕西在线,陈志诚,省部级,http://ccjinri.cn/fc894/e9475636010.html
1843,陕西在线,陈志诚,省部级,http://ccjinri.cn/fc894/e9475644715.html
1993,陕西在线,陈志诚,省部级,http://ccjinri.cn/fc894/e9475635425.html
1858,陕西在线,陈志诚,省部级,http://ccjinri.cn/fc894/e9475644625.html
1873,陕西在线,陈志诚,省部级,http://ccjinri.cn/fc894/e9475644605.html
1888,陕西在线,陈志诚,省部级,http://ccjinri.cn/fc894/e9475643585.html
1963,陕西在线,陈志诚,省部级,http://ccjinri.cn/fc894/e9475635465.html
1978,陕西在线,陈志诚,省部级,http://ccjinri.cn/fc894/e9475635445.html
1755,广东在线,徐晓东,省部级,http://gdzaixian.com.cn/9db4b/3d0f121533040.html
1190,PropertyGuru,赵琥珀,属地省部级,https://www.propertyguru.com.my/property-news/2024/11/212153/tropicana-begins-construction-on-lido-waterfront-boulevard-in-johor
1814,陕西之声,陈志诚,省部级,http://shanxi.mlzgb.cn/fcb/MTM2MTYwNjIy.html
2106,厦门广电,王亚坤,地市级,file:///D:/360MoveData/Users/风清扬/Documents/WeChat Files/wxid_a5gxaxx192tk22/FileStorage/Temp/0124e33851656efff0268241dad1232.png
1783,陕西之窗,陈志诚,省部级,http://sxzcb.cn/af17/069215128963.html
1784,上海热线网(未知),陈志诚,省部级,http://lushanghai.cn/558/MTUxMjg5NjQ=.html
1034,建筑结构,文承聪,行业,https://mp.weixin.qq.com/s/OtjIhP_L0cIGdA8ogxpqaw
1227,知识城通,丁高洁,地市级,https://mp.weixin.qq.com/s/745VILy1_E3RTujDeYPGrg
2004,安居客广州,廖文斌,地市级,https://mp.weixin.qq.com/s/Y6BPPE635lYOG56UF7yypg
733,房地产导刊,姚瑞哲,行业,https://mp.weixin.qq.com/s/7XEPls-a_MftzwPPhcB_0A
1016,贵州航空协会,王亚坤,行业,https://mp.weixin.qq.com/s/9EH5-s9JvuqVta5oMGRypQ
1416,人民日报,沈芳霞,中央级,https://mp.weixinbridge.com/mp/wapredirect?url=https%3A%2F%2Fwap.peopleapp.com%2Farticle%2F7414136%2F7245481&action=appmsg_redirect&uin=MjMyOTIyMjgzMw%3D%3D&biz=MzIxOTcwMjA5Mw==&mid=2247542533&idx=5&type=1&scene=0
1319,厦门政协,文承聪,地市级,https://mp.weixin.qq.com/s/Y5_VQHGeNsc67ixrGH1X6Q
1569,花城新闻,沈芳霞,地市级,https://mp.weixinbridge.com/mp/wapredirect?url=https%3A%2F%2Fapp.gztv.com%2Fplusshare%2F%23%2FarticleDetail%3Fid%3D1404561136498944&action=appmsg_redirect&uin=MjMyOTIyMjgzMw%3D%3D&biz=MzIxOTcwMjA5Mw==&mid=2247542533&idx=5&type=1&scene=0
1256,广州时尚生活圈,覃春晖,地市级,https://mp.weixin.qq.com/s/ErYkpvviyXoJ8IiL0ImwKQ
745,厦门翔业,陈志诚,行业,https://mp.weixin.qq.com/s/JnYIBwYG1LYfe08HyT5J3A
1259,广州改革,覃春晖,地市级,https://mp.weixin.qq.com/s/ZacwjFjN3oxPTigmdg6PTw
1261,中新广州知识城在线发布,丁高洁,地市级,https://mp.weixin.qq.com/s/Ug7Ex1q8yA3WwsvGN3okXg
1421,中国青年报,沈芳霞,中央级,https://mp.weixinbridge.com/mp/wapredirect?url=https%3A%2F%2Fs.cyol.com%2Farticles%2F2024-05%2F06%2Fcontent_v6d7YYI4.html%3Fgid%3DPDEAGwD9&action=appmsg_redirect&uin=MjMyOTIyMjgzMw%3D%3D&biz=MzIxOTcwMjA5Mw==&mid=2247542533&idx=5&type=1&scene=0
1258,知识城身边事,覃春晖,地市级,https://mp.weixin.qq.com/s/svf4XPr1grInbpdb0X-pCw
1255,湾区粤精彩,覃春晖,地市级,https://mp.weixin.qq.com/s/vakoA6lcqORu8a1zPUqSng
915,FM1036福建新闻广播,文承聪,省部级,https://mp.weixin.qq.com/s/aavYEiSFN1sGSPF5TPs45A
2162,资深品牌人李亮,丁俊峰、任浩霖,行业,
1829,陕西之声,陈志诚,省部级,http://shanxi.mlzgb.cn/fcb/MTM2MTYwNTUw.html
1875,上海热线网(未知),陈志诚,省部级,http://lushanghai.cn/558/MTUxMjg5MjM=.html
1728,广东信息港,徐晓东,省部级,http://gdg.cnxxb.cn/fd9/ODMxMTI4ODg=.html
1663,未来网,吕昊临,中央级,https://news.k618.cn/finance/money/202407/t20240711_19772618.html
1861,陕西之窗,陈志诚,省部级,http://sxzcb.cn/af17/069215128928.html
1710,海南播报网,邓讷,省部级,http://hainan.huaxiazx.cn/0ee75/b6b74830405.html
1994,陕西之声,陈志诚,省部级,http://shanxi.mlzgb.cn/fcb/MTM2MTQzNzc0.html
1949,陕西之声,陈志诚,省部级,http://shanxi.mlzgb.cn/fcb/MTM2MTQzODkx.html
2240,中国城市新闻网,刘芳,中央级,http://cncity.hainanhk.cn/a351/1b2016271646.html
2242,中国信息报道网,刘芳,中央级,http://xinxibd.tsxxg.cn/62961/aa581358240.html
1995,上海热线网(未知),陈志诚,省部级,http://lushanghai.cn/558/MTUxMjcwODc=.html
395,人民日报,文承聪,中央级,https://wap.peopleapp.com/article/rmh40179659/rmh40179659
1844,陕西之声,陈志诚,省部级,http://shanxi.mlzgb.cn/fcb/MTM2MTYwNDk2.html
1906,陕西之窗,陈志诚,省部级,http://sxzcb.cn/af17/069215128716.html
2256,中国城市新闻网,刘芳,中央级,http://cncity.hainanhk.cn/a351/1b2016624102.html
2258,中国信息报道网,刘芳,中央级,http://xinxibd.tsxxg.cn/62961/aa583120525.html
2266,中国城市新闻网,廖继红,中央级,http://cncity.hainanhk.cn/a351/1b2016656780.html
335,人民日报客户端,崔国玉,中央级,https://wap.peopleapp.com/article/rmh40168177/rmh40168177
2030,南沙部落,彭浩然,地市级,https://mp.weixin.qq.com/s/XKCkulm2BhTrY_1vIAMRoA
2021,广州民营科技园商会,覃春晖,地市级,https://mp.weixin.qq.com/s/OJHsXwGKIiz7oSkluqT2eA
2040,白云美湾,蓝一新,地市级,https://mp.weixin.qq.com/s/IlXNWFatv_WWWVC_9vV0_Q
2130,厦门政协,文承聪,地市级,https://mp.weixin.qq.com/s/Ul6OpXV-tGd2EikjmJjlOw
2127,翔安生活网,文承聪,地市级,https://mp.weixin.qq.com/s/XG2R2HpWgyptTkNMyU7xGA
2033,白云开发公司,蓝一新,地市级,https://mp.weixin.qq.com/s/Law7zDYY3r7qupVw7OJFKA
2128,爱厦门,文承聪,地市级,https://mp.weixin.qq.com/s/-qNLNIAlr1mGL0sOzdboDg
2144,产城园区评论,彭浩然,行业,https://mp.weixin.qq.com/s/8hk6iOVlZ8nUzW26g2urNQ
2034,中建装饰绿创科技,丁高洁,地市级,https://mp.weixin.qq.com/s/9QcGEvzIOYc3S8WHeGUWj
2125,厦门发改委,文承聪,地市级,https://mp.weixin.qq.com/s/AjVgsWNx0s7TOMcWg7AUfQ
2124,厦门本地宝,文承聪,地市级,https://mp.weixin.qq.com/s/1b4f9kcw9A7sxlc-roaeCQ
2134,"富力天海湾业主汇
",彭浩然,行业,https://mp.weixin.qq.com/s/eFfvNEmdFYiFrxS7KxS0tw
2135,"潮商
",彭浩然,行业,https://mp.weixin.qq.com/s/Ajh937mykzRny4ohFMFpuQ
2006,广州民营科技园商会,覃春晖,地市级,https://mp.weixin.qq.com/s/DsKSJ7eXLTsA5D-W_ztSrA
2008,广州壹产业,彭浩然,地市级,https://mp.weixin.qq.com/s/D_yTrhMB8mW5FlqtWKLuxg
2143,湾区高楼迷,丁高洁,行业,https://mp.weixin.qq.com/s/AlucvC2uxR5QNNdA8gfmSQ
2026,新能源视线,彭浩然,地市级,https://mp.weixin.qq.com/s/o6CmZNmcixJDwxNo8hk3Rw
2023,南沙乡情,彭浩然,地市级,https://mp.weixin.qq.com/s/5ULAEETWOcaWCZ3qftDUvw
2035,安居客广州,丁高洁,地市级,https://mp.weixin.qq.com/s/SDAOxHprq3dxekYVjqgb_A
2025,南沙业主圈,彭浩然,地市级,https://mp.weixin.qq.com/s/bSvw9doDisDou3X-l_Y9yQ
2036,知识城洞幽烛微,覃春晖,地市级,https://mp.weixin.qq.com/s/UnN7CMU7Pv2oNW78XEp56Q
2148,SEMI,彭浩然,行业,https://mp.weixin.qq.com/s/JyzhGjE4GU9xAD_Q0ew_-A
2038,广州市社会组织联合会,丁高洁,地市级,https://mp.weixin.qq.com/s/VS1xynVuUXk3Zcso-vCo8w
2009,知识城洞幽烛微,沈芳霞,地市级,https://mp.weixin.qq.com/s/elZ3Qp2W8t6Kheo4tH40AQ
2132,"天下潮商传媒
",彭浩然,行业,https://mp.weixin.qq.com/s/7Mi4nI7TXlbCiSMawcI9Dg
2022,粤湾最生活,彭浩然,地市级,https://mp.weixin.qq.com/s/BqL3pwPg-9Etpjonng29yw
2141,天下潮商传媒,彭浩然,行业,https://mp.weixin.qq.com/s/QEa3k72rEzj4BlcRvwjUsg?poc_token=HHR9rGajMLSbwUTBwnvlbp9Wkt_L0spJw7VL5eXR
2032,广州安居集团,廖文斌,地市级,https://mp.weixin.qq.com/s/_Q2G7XUcR3V0NPYSvbCfTg
2126,厦门网,文承聪,地市级,https://mp.weixin.qq.com/s/DLbLB0J_3Xe5zt4nVVa01g
2037,大美云湖,丁高洁,地市级,https://mp.weixin.qq.com/s/G8gVCy886SZ6vl8y8oYOJQ
2131,潮榕南视窗,彭浩然,行业,https://mp.weixin.qq.com/s/OFVmD4nyksCGjw1ummJblw
2137,陈sir楼市日记,廖文斌,行业,https://mp.weixin.qq.com/s/U_sIVoY-l7gwr9jImnt38g
2024,广州南沙发布,彭浩然,地市级,https://mp.weixin.qq.com/s/UtGfF170no2T7iTW5kf-Nw
2027,广州海珠业主,廖文斌,地市级,https://mp.weixin.qq.com/s/IopsDSr8cNJYpGkDtGUK-w
2147,盖世汽车智能网联,彭浩然,行业,https://mp.weixin.qq.com/s/Keap3eGddu0Vx7mCEAQFxQ
1936,陕西之窗,陈志诚,省部级,http://sxzcb.cn/af17/069215127505.html
1951,陕西之窗,陈志诚,省部级,http://sxzcb.cn/af17/069215127101.html
2318,广东建设发布,丁俊峰,省部级,
2334,广东头条网,刘楚逸,省部级,http://gdtt.csxxb.cn/dce37/b0e32389612.html
2335,广东资讯网,刘楚逸,省部级,http://syjinri.cn/529/MTQ1NzUzMjYz.html
2336,广东都市网,刘楚逸,省部级,http://lzdushi.cn/604/OTcxNjg4NDg=.html
2341,广东头条网,吕昊临,省部级,http://gdtt.csxxb.cn/dce37/b0e33024940.html
2337,广东新闻网,刘楚逸,省部级,http://csxxb.cn/e9c/MTQ1NzUzMjgx.html
2343,广东都市网,吕昊临,省部级,http://lzdushi.cn/604/OTkwNzQ4MzI=.html
2342,广东资讯网,吕昊临,省部级,http://syjinri.cn/529/MTQ4NjEyMjM5.html
1996,陕西之窗,陈志诚,省部级,http://sxzcb.cn/af17/069215127088.html
2362,广东头条网,徐立军,省部级,http://gdtt.csxxb.cn/dce37/b0e32437272.html
2363,广东资讯网,徐立军,省部级,http://syjinri.cn/529/MTQ1OTY3NzMz.html
2364,广东新闻网,徐立军,省部级,http://csxxb.cn/e9c/MTQ1OTY3NzQy.html
2370,广东头条网,黄婵萍,省部级,http://gdtt.csxxb.cn/dce37/b0e30530808.html
2371,广东资讯网,黄婵萍,省部级,http://syjinri.cn/529/MTM3Mzg4NjQ1.html
2372,广东新闻网,黄婵萍,省部级,http://csxxb.cn/e9c/MTM3Mzg4NjU0.html
2375,广东之声,黄婵萍,省部级,http://fzxinxi.cn/b9b/MTUyNjU0MDk=.html
2305,网易号,丁俊峰,省部级,https://m.163.com/dy/article/JCMOEUAV0550AXYG.html
2382,广东头条网,徐立军,省部级,http://gdtt.csxxb.cn/dce37/b0e33248212.html
2384,广东之声,徐立军,省部级,http://fzxinxi.cn/b9b/MTY2MjQxMDg=.html
2383,广东新闻网,徐立军,省部级,http://csxxb.cn/e9c/MTQ5NjE2OTYz.html
2393,广东都市,唐良桥,省部级,http://lzdushi.cn/604/OTkwNzc1OTg=.html
2394,广东新闻网,唐良桥,省部级,http://csxxb.cn/e9c/MTQ4NjE2NDA2.html
2392,广东头条网,唐良桥,省部级,http://gdtt.csxxb.cn/dce37/b0e33025864.html
2399,广东之声,唐良桥,省部级,http://fzxinxi.cn/b9b/MTY1MTI5NDA=.html
2403,广东之窗,唐良桥,省部级,http://gyjinri.cn/0409c/0c833025890.html
2247,中华建设网,黄婵萍,中央级,https://www.zhjsw.cn/news/show-52601.html
349,人民日报客户端,"安琼
宋耀明",中央级,https://wap.peopleapp.com/article/rmh40237361/rmh40237361
2263,中华建设网,廖继红,中央级,https://www.zhjsw.cn/news/show-54099.html
381,人民日报,王亚坤,中央级,https://wap.peopleapp.com/article/rmh39940281/rmh39940281
2269,中华建设网,徐立军,中央级,https://www.zhjsw.cn/news/show-54097.html
317,人民日报客户端,崔国玉,中央级,https://wap.peopleapp.com/article/rmh40052606/rmh40052606
2058,知识城周边事,丁俊峰,地市级,https://mp.weixin.qq.com/s/6QBfeyq8caoXSix6apeBVg
2286,广东建设年鉴,丁俊峰,省部级,https://mp.weixin.qq.com/s/gsnvko7mDCAPdeLuSGcOkA
1316,厦门交通,文承聪,地市级,https://mp.weixin.qq.com/s/DIKd9QhbNo5YM-8T4sO1ig
1334,广州建筑装饰集团有限公司,陈荣君,行业,https://mp.weixin.qq.com/s/9jjAVltT4HLx9wC4dNRvkg
709,广州日报,姚瑞哲,地市级,https://mp.weixin.qq.com/s/6WsayDR4vVQtPiLVhmFUHw
1322,厦门市住房和建设局,文承聪,地市级,https://mp.weixin.qq.com/s/cRgVrD6ubsn_xt92CMSg8w
1315,厦门广电,文承聪,地市级,https://mp.weixin.qq.com/s/4lDEShssUyNYM04eJT1ENA
1331,广州空港发布,杨晓晖,行业,https://mp.weixin.qq.com/s/9szoCO9Ny0XPiY9OH0nyNw
541,中山日报,马松涛,地市级,https://mp.weixin.qq.com/s/KZg_e422ExjBqi21knca3g
1408,i看武夷,文承聪,行业,https://mp.weixin.qq.com/s/roY3O4gtuTSGv8StvDz5wg
2062,湾区高楼迷,彭浩然,地市级,https://mp.weixin.qq.com/s/bxIar-da4NGqF2TjaCk7PQ
993,厦门日报,文承聪,地市级,https://mp.weixin.qq.com/s/ei1w-AoTLb5gIDVWJy9QkQ
1691,美好江高,蓝一新,地市级,https://mp.weixin.qq.com/s/orFG1VFfeYdffTvV6H20uw
546,深圳BIM促进会,"安琼
崔国玉",地市级,https://mp.weixin.qq.com/s/PrmRK6YkBDvKROD3sjhCPQ
2005,广州市城市更新网,廖文斌,地市级,https://mp.weixin.qq.com/s/cOpC3L00Wt6V_BYaZLlAdA
524,佛山房产,丁高洁,地市级,https://mp.weixin.qq.com/s/yt1h3Ovr1o3lvr6OT9y92Q
2280,中华建设网,唐良桥,中央级,https://www.zhjsw.cn/jianshezhishu/show.php?itemid=2066
99,人民日报客户端,"李东波
安琼",中央级,https://wap.peopleapp.com/article/rmh40309177/rmh40309177
489,大众网,王吉,省部级,http://www.dzwww.com/xinwen/jishixinwen/202402/t20240228_13737855.htm
2472,知识城我知晒,丁俊峰,地市级,
2489,知识城我知晒,丁俊峰,地市级,
582,人民日报客户端,安琼,中央级,https://wap.peopleapp.com/article/rmh39596024/rmh39596024
2496,知识城ing,丁俊峰,地市级,
2448,住宅法务网,丁俊峰,地市级,http://zhuz.fwfw.org.cn/show-59847.html
792,中国经济报道,朱莹、邓讷,中央级,https://industry.cnews.org.cn/411380.html
1196,EdgeProp,赵琥珀,属地省部级,https://www.edgeprop.sg/property-news/best-both-worlds-skypark-kepler-offers-advanced-modern-living-superb%C2%A0connectivity
2386,南方工报,白占宝,省部级,http://wap.nfgb.com.cn/h5/html5/2024-10/09/content_15_28749.htm
2565,深圳观察网,唐良桥,地市级,http://info.mdjrx.cn/11a9d/9571132103632.html
2313,鲁网,刘冠林,省部级,https://f.sdnews.com.cn/syxx/202409/t20240923_4436418.htm
2592,AI万全harbor,丁俊峰,行业,
2391,广东在线,唐良桥,省部级,http://gdzaixian.com.cn/9db4b/3d0f132103448.html
2562,深圳都市网,唐良桥,地市级,http://szdushi.top/c1c/0a549538832.html
2610,广州民营科技园,李杰,行业,
2613,湾区财富通,丁俊峰,行业,
2264,中国企业网,廖继红,中央级,https://www.zqcn.com.cn/135/73490.html
2564,深圳报道网,唐良桥,地市级,http://info.guangzhoujr.cn/6c0/MTQ4NjE2NTc3.html
2251,中国企业网,黄婵萍,中央级,https://www.zqcn.com.cn/886/68084.html
2226,中新网,饶朝岛,中央级,https://m.chinanews.com/wap/detail/chs/zw/340289.shtml
2640,学习强国,丁高洁,中央级,百灵·炫|广州举办粤港澳大湾区建设劳动和技能竞赛推进会 (xuexi.cn)
2184,人民日报,刘冠林,中央级,https://www.peopleapp.com/rmharticle/30046672292
2339,广东生活网,刘楚逸,省部级,http://gd.baodaocn.cn/ea57/b5c764779244.html
2425,福建省人民政府,文承聪,省部级,https://www.fj.gov.cn/zwgk/ztzl/gjcjgxgg/dt/202410/t20241007_6538814.htm
2563,魅力深圳网,唐良桥,地市级,http://news.gzxxrb.cn/490a/147f16512952.html
2560,深圳热线,唐良桥,地市级,http://cnszrx.cn/ffc/MTQ4NjE2Mzcw.html
2561,深圳之窗,唐良桥,地市级,http://win.cnszrx.cn/06951/11ab132103496.html
1641,中新网,覃春晖,中央级,https://m.chinanews.com/wap/detail/chs/zw/335346.shtml
2637,南方工报,丁俊峰,中央级,http://wap.nfgb.com.cn/html5/2024-08/07/node_1.htm?v=1&curr=1
2703,广东省总工会,丁俊峰,省部级,
2706,粤工会,丁俊峰,省部级,
1800,上海热线网(未知),陈志诚,省部级,http://lushanghai.cn/558/MTUxMjg5NTU=.html
2718,网易号,丁俊峰,省部级,https://m.163.com/dy/article/JCMOEUAV0550AXYG.html
2638,南方工报,丁俊峰,中央级,https://wap.nfgb.com.cn/html5/2024-08/07/node_1.htm?v=1
2186,中新网,刘冠林,中央级,https://m.chinanews.com/wap/detail/chs/zw/340998.shtml
2745,广东头条网,刘楚逸,省部级,http://gdtt.csxxb.cn/dce37/b0e32389612.html
2746,广东资讯网,刘楚逸,省部级,http://syjinri.cn/529/MTQ1NzUzMjYz.html
2747,广东都市网,刘楚逸,省部级,http://lzdushi.cn/604/OTcxNjg4NDg=.html
2748,广东新闻网,刘楚逸,省部级,http://csxxb.cn/e9c/MTQ1NzUzMjgx.html
2752,海南新闻网,邓讷,省部级,http://binhaics.cn/450/OTY1NzcxNTI=.html
2764,广东资讯网,徐晓东,省部级,http://syjinri.cn/529/MTQwODgwODM0.html
2765,广东新闻网,徐晓东,省部级,http://csxxb.cn/e9c/MTQwODgwODQz.html
2569,鲁网财经频道,唐良桥,地市级,https://f.sdnews.com.cn/syxx/202409/t20240929_4439708.htm
2770,广东头条网,吕昊临,省部级,http://gdtt.csxxb.cn/dce37/b0e30413610.html
2771,广东资讯网,吕昊临,省部级,http://syjinri.cn/529/MTM2ODYxMjU0.html
2772,广东新闻网,吕昊临,省部级,http://csxxb.cn/e9c/MTM2ODYxMjYz.html
2194,中新网,丁俊峰,中央级,https://m.chinanews.com/wap/detail/chs/zw/343089.shtml
2636,中新网,丁俊峰,中央级,https://m.chinanews.com/wap/detail/chs/zw/334397.shtml
2048,广州市社会组织文化传播协会,丁高洁,地市级,https://mp.weixin.qq.com/s/hxMacxJCKBJndJ_gzEql6Q
2170,墨居建筑,文承聪,行业,https://mp.weixin.qq.com/s/-yKf3mwq7cDy6UAtEmDbng
2043,白云投资,蓝一新,地市级,https://mp.weixin.qq.com/s/8bk0HHh1GsTe7osUgoSxFw
2175,官水石论坛,文承聪,行业,https://mp.weixin.qq.com/s/0MoXMpvErQcHP4T08icf_w
2055,广州荔湾发布,沈芳霞,地市级,https://mp.weixin.qq.com/s/cY7_mAeuOsPsV4IN5KxHQg
2015,中宏南沙,彭浩然,地市级,https://mp.weixin.qq.com/s/stZi4B4xo2OSC5LwN2Gxfw
2013,南沙投资,彭浩然,地市级,https://mp.weixin.qq.com/s/45sSg8ze4-e7RnBbQecQ9w
2042,凤舞九佛,覃春晖,地市级,https://mp.weixin.qq.com/s/t0l9_9GIOP8e32dPgfrWDw
2172,博大建设集团,文承聪,行业,https://mp.weixin.qq.com/s/S0eeBD2FL7pu1fdFKYXS_A
2053,南沙视界观,丁高洁,地市级,https://mp.weixin.qq.com/s/VLXVwLR_Bl1Y7GQJBqHAdw
2181,厦门航空城,文承聪,行业,https://mp.weixin.qq.com/s/hqTvU6HEP3MjEPtj-R7WVg
2017,广州12345,丁高洁,地市级,https://mp.weixin.qq.com/s/9QDPulk1jeYJYlIYR4hQvA
2041,IC找料网,彭浩然,地市级,https://mp.weixin.qq.com/s/cx6RXriDueCFz3vBDmP2tA
2628,福建企联,文承聪,行业,https://mp.weixin.qq.com/s/oZxEuG57Qf_haKpyIMKHZQ
2165,新零售,张泽,行业,https://mp.weixin.qq.com/s/XNv0eOTzgp3ryggTF_JZHg
2627,厦门翔业,文承聪,行业,https://mp.weixin.qq.com/s/rWYGqyczv5NRrP_QlAZEFA
2784,广东都市,廖继红,省部级,http://lzdushi.cn/604/OTU3ODI1NTQ=.html
2783,广东新闻网,廖继红,省部级,http://csxxb.cn/e9c/MTQzNjczODQw.html
2781,广东资讯网,廖继红,省部级,http://syjinri.cn/529/MTQzNjczODEz.html
2780,广东头条网,廖继红,省部级,http://gdtt.csxxb.cn/dce37/b0e31927512.html
2594,深圳能人教育,丁俊峰,行业,https://mp.weixin.qq.com/s/nlGgyH63_8AmNxTPMrPB4w
2589,业翔民安,文承聪,地市级,https://mp.weixin.qq.com/s/kxCVOVAM92bQ-saaPHK3sQ
2595,机械工业第六设计研究院有限公司,刘冠林,行业,https://mp.weixin.qq.com/s/ttEahuOkceQRJKF4p0YuiA
2590,厦门国资,文承聪,地市级,https://mp.weixin.qq.com/s/JDfgSUExzQQkbW-0BowM4Q
2593,海坤电气,林玉柱,行业,https://mp.weixin.qq.com/s/f6VkCnJFfqHt8d8rz2I-YQ
2598,BOSS说房,刘冠林,行业,https://mp.weixin.qq.com/s/qasWipPFwj7l834SRGOLSw
2596,医未来,刘冠林,行业,https://mp.weixin.qq.com/s/Q6MtEjz85_7v_16i-doLJg
2591,湾区高楼迷,丁俊峰,行业,https://mp.weixin.qq.com/s/eNKZ-Q1zsbTVTCGfhLdo1A
2606,广州建筑工程监理有限公司,刘冠林,行业,https://mp.weixin.qq.com/s/6N_gxSxtHie5lY-l1Q8-hg
2601,拉米尼特,杨晓晖,行业,https://mp.weixin.qq.com/s/iuTr9G5F2AXQnP9r3r2NRA
2607,广州建筑装饰集团有限公司,李杰,行业,https://mp.weixin.qq.com/s/y1-d6DvSwJiYmzbdF0fh1g
2602,齐明软件,丁俊峰,行业,https://mp.weixin.qq.com/s/d2KpYz_yCkP-LQ7HBDMX-Q
2609,广州市恒盛建设集团有限公司,李杰,行业,https://mp.weixin.qq.com/s/pWeq-5K9QqoRYjbo9dUpSA
2603,人和有笋嘢,杨晓晖,行业,https://mp.weixin.qq.com/s/H3e6hUJghAX4dDWlyl_nFg
2516,中山发布,王政粤,地市级,https://mp.weixin.qq.com/s/6ZUP6q-T32btgTbfzQjlEw
2662,中国文促网,邓讷,中央级,http://www.eco-gecpa.net/news/2024/0909/2167.html
2645,中新网,刘冠林,中央级,https://m.chinanews.com/wap/detail/chs/zw/340998.shtml
1197,Linkedin,赵琥珀,属地省部级,https://www.linkedin.com/posts/edgeprop-malaysia_tropicana-unveils-lido-waterfront-boulevard-activity-7257951218306555906-9Hvs
2252,中国市场调查网,黄婵萍,中央级,http://www.cmrn.cmsapis.com/view/article.aspx?noce_str=86e9f5c3-d93b-45f2-9edb-3e18b113453c&article_filepath=%2fcms%2f2024%2f08%2f05%2faeb0437c5d.shtml
2878,我知网,彭浩然,行业,
2877,我知网,丁俊峰,行业,
2879,我知网,丁高洁,行业,
2694,中新网,邓讷,中央级,https://m.chinanews.com/wap/detail/chs/zw/339213.shtml
2887,住宅法务网,丁俊峰,行业,http://zhuz.fwfw.org.cn/show-59847.html
2566,深圳门户网,唐良桥,地市级,http://info.zgcsv.cn/9beca/96082564775.html
2714,广东省住房和城乡建设厅,丁俊峰,省部级,https://mp.weixin.qq.com/s/CSvuHDtfClpEXFIYWSzHvg
1891,陕西之窗,陈志诚,省部级,http://sxzcb.cn/af17/069215128920.html
2729,证券日报之声,刘冠林,省部级,https://mp.weixin.qq.com/s/6Lkrt2ATpnJDbO2EeJ2igA
2786,海峡导报,文承聪,省部级,https://mp.weixin.qq.com/s/hKTPfe1tGK55jbbof2qjCA
2788,财经,文承聪,省部级,https://mp.weixin.qq.com/s/iaqmMJGhayoapbF-OEeA1A
2790,海峡导报,文承聪,省部级,https://mp.weixin.qq.com/s/1ZosCEM2GMO7dRxxTxuFUw
2792,广州市规划和自然资源局,李超美,地市级,https://mp.weixin.qq.com/s/qo6Dwwh5jy0Ayyr_hVHg6g
2793,广州12345,李超美,地市级,https://mp.weixin.qq.com/s/OwDNsY8GzslGXLD3zeYs5g
2794,南沙房产,李超美,地市级,https://mp.weixin.qq.com/s/NBxLMzqCVv82QypO15XXRg
2795,三山好帮手,张泽,地市级,https://mp.weixin.qq.com/s/8ER90MfBOGHSDRPdEqITDw
2796,佛山日报,张泽,地市级,https://mp.weixin.qq.com/s/0xzehsDf9mNuvoKhCKR9kA
2801,南海桂城,张泽,地市级,https://mp.weixin.qq.com/s/k1pY1XeI_ZzZJmMz1umMEQ
2803,知识城情报局,覃春晖,地市级,https://mp.weixin.qq.com/s?search_click_id=17931792543295067923-1724197991133-9447243175&__biz=MzIyNjU0OTU5MQ==&mid=2247502249&idx=1&sn=01763ef08f794111899bf1eafeb4b9dc&chksm=e941359b317ac4bd34d7d5095872fbccce97e43ed816470e3674354f6ba2799ecb820b5d77db&clicktime=1724197991&enterid=1724197991&subscene=0&ascene=65&devicetype=iOS17.5&version=18003239&nettype=WIFI&abtest_cookie=AAACAA%3D%3D&lang=zh_CN&countrycode=CN&fontScale=100&exportkey=n_ChQIAhIQWG7yhUXYo11hMtcOQIrBUxLNAQIE97dBBAEAAAAAAHaxODNQR5EAAAAOpnltbLcz9gKNyK89dVj03Y%2FnzUWMc2nsYB5hgMnAmeJImxu128SqSkl0p90kULJmmsWvoZyPs%2BGYmWL1%2FL6w5coApYoSVzXtZrLLyXQ6YxCmkIrb91yQFUAsLyyNkFq1g9ipjRp0DzjCl%2BIg%2BHAzYgU8%2FHUH1NhK7X1VemoHHgO94GqbMWxWa0AZTcIF9CsRRsJp66EQny8osk3Hy%2FpUW43TixC6yDF%2Fn7gQwhWVVxcTCUIjIYE%3D&pass_ticket=tSNZZQkp0ZZEkWKe2oNnTUyqeTNAlHpqjRC6qE6zIhblhX%2BrNLrlmT7q85kI2w2s&wx_header=3
2804,知识城ing,覃春晖,地市级,https://mp.weixin.qq.com/s?search_click_id=17931792543295067923-1724198036307-8415011574&__biz=MzIxODExMTEyNQ==&mid=2648846471&idx=3&sn=46f3a8bba3a0f6cf356123b3034345f7&chksm=8efe4991f9655c3465e5b59258653fe06f6eb14ed02110c53912f1c83ba18379d1529d376489&clicktime=1724198036&enterid=1724198036&subscene=0&ascene=65&devicetype=iOS17.5&version=18003239&nettype=WIFI&abtest_cookie=AAACAA%3D%3D&lang=zh_CN&countrycode=CN&fontScale=100&exportkey=n_ChQIAhIQ0YeAH1%2B0%2FCPsPcJ3p7EpLRLYAQIE97dBBAEAAAAAACgRL8tE1UAAAAAOpnltbLcz9gKNyK89dVj0hqR1hE0QK7DYb3rrSEp8EXZdzl41%2F9suHAgD0WcStuBHoENVvpNUTJ9uMyUSHnFg4MQNFwIv6VhdmY%2B3smUxaE6GUNoQkXvcU3QWwKQx01ptStYSz7cMmrLCn3JfYMDTnnw4Fjpur3CS0NRpHLPN6I1kfPxNjRDmCrgIHqfmltDsYbzlrx4mtvZbiWvPG22bAGh9uADP5Gryd93GZAPXE9S67sJQY6tz5b3Lfy4y0C6SXA%3D%3D&pass_ticket=tMDcTk4kDLvjdos8HoLihlWq32qouaNfD5%2Bn36MXjtLHhgMI7oKraX9J%2Fk8GSMmh&wx_header=3
2805,微时区,覃春晖,地市级,https://mp.weixin.qq.com/s/5ffsTNNHWQNmJVpQssf6Bw
2789,财经杂志,文承聪,省部级,https://mp.weixin.qq.com/s/uxSteM4tdzqKhHfvEqSmBw
2535,云浮汇,刘芳,地市级,https://mp.weixin.qq.com/s/BwbDRC6_0sqi-tq-R7X18Q
951,云浮融媒,刘芳,地市级,https://mp.weixin.qq.com/s/52OB9g3fgzuDHbNkM-8XDA
957,云浮发布,刘芳,地市级,https://mp.weixin.qq.com/s/Gb5UhNLiiHUjKGNDzjxznA
944,湾区生物医药产业服务平台,丁高洁,地市级,https://mp.weixin.qq.com/s/NpMDW5p_6kmalmWYfUzRnA
2536,云浮日报,刘芳,地市级,https://mp.weixin.qq.com/s/UKqY4yDmypA_TOnFrVrtwA
520,广州日报,马松涛,地市级,https://mp.weixin.qq.com/s/Lf0nURs04n2xH63USzujLw
2597,huangputong21,刘冠林,行业,https://mp.weixin.qq.com/s/d1Llic7egJyqnio0Nl7jkw
934,广州黄埔发布,覃春晖,地市级,https://mp.weixin.qq.com/s/Z95wyXNL2p7nQ6b3ZbGOUQ
1015,民航事儿,王亚坤,行业,https://mp.weixin.qq.com/s/sRu8ETAsvKiGgQIvWmRxEQ
939,萝岗和苑优生活,覃春晖,地市级,https://mp.weixin.qq.com/s/tMN9_iWkHUWz6IwUZrgPGw
2537,石都视野,刘芳,地市级,https://mp.weixin.qq.com/s/XeTHEKCNImGhUhjbCMTC1g
2534,云浮发布,刘芳,地市级,https://mp.weixin.qq.com/s/0O5qMuWJcv9gdK2k76egrw
532,南沙部落,马松涛,地市级,https://mp.weixin.qq.com/s/HJITkr09Hopaxvxl0Q22jw
931,黄埔生活汇,覃春晖,地市级,https://mp.weixin.qq.com/s/eqrzCbF-2OHgIqFenfmSxg
932,黄埔微生活,覃春晖,地市级,https://mp.weixin.qq.com/s/eTUqRgv0twGO5OGoMHHpoQ
660," BHI拟在建项目网",赵琥珀,省部级,https://mp.weixin.qq.com/s/r1OHAKPxldRYNi4pwlT0VA
2939,中新网,丁俊峰,中央级,https://m.chinanews.com/wap/detail/chs/zw/10245559.shtml
2646,人民日报,刘冠林,中央级,https://www.peopleapp.com/rmharticle/30046672292
2895," 广州医科大学",刘楚逸,行业,https://mp.weixin.qq.com/s/bLP_FrEH0jFkOziqPWCDpA
2506,万博生活汇,杨晓晖,地市级,https://mp.weixin.qq.com/s/Do2kktIVCI7Nq5_wh2zArw
2511,广州市建筑业联合会,马松涛,地市级,https://mp.weixin.qq.com/s/SpCJq5LwUV-PgfCXejH7og
2174,民航物流,文承聪,行业,https://mp.weixin.qq.com/s/d8svDVlsMD8I37ooER5ESQ
2056,南沙开建,彭浩然,地市级,https://mp.weixin.qq.com/s/seZnW1MyJe3ZtpenUrRv3w
2052,广佛房产,廖文斌,地市级,https://mp.weixin.qq.com/s/OFxKI8RtQ7vCAp9yqZb4oQ
2508,品鲜万顷沙,马松涛,地市级,https://mp.weixin.qq.com/s/POkKXgGTTkh1rv7Ptclo-g
2046,广州商务,丁高洁,地市级,https://mp.weixin.qq.com/s/6dqOJyaEBaLCiwbvYJpdSA
2762,海南广播电视总台,韩霞飞,省部级,https://mp.weixin.qq.com/s/wbSXCL6I-XC3-_BZCt6Quw
2505,广州白云发布,杨晓晖,地市级,https://mp.weixin.qq.com/s/MHvp2Em_C-TZyJoA51GAMg
2510,广州国企党建,马松涛,地市级,https://mp.weixin.qq.com/s/qRgy87TV8R-0fGlPqaLfGw
2905,九离情感,文承聪,行业,https://mp.weixin.qq.com/s/CDAYpoQzhToza9-p1c06Ew
2507,开平广播电视台,杨晓晖,地市级,https://mp.weixin.qq.com/s/WK2qFiLYNcXgDQkCwC93iQ
2514,云浮共青团,刘芳,地市级,https://mp.weixin.qq.com/s/N1IyFi1gUfSJgy0pBxvf-Q
2975,中国信息报道网,王亚坤,中央级,http://xinxibd.tsxxg.cn/62961/aa573887395.html
2515,中山水务局,王政粤,地市级,https://mp.weixin.qq.com/s/a67eYrf2U_G6lxHyI739qw
2166,看医界,王亚坤,行业,https://mp.weixin.qq.com/s/8AZzkk8pBTXmivUXH0JBbg
2980,中国城市新闻网,王亚坤,中央级,http://cncity.hainanhk.cn/a351/1b2014145726.html
2944,中新网,廖文斌,中央级,https://m.chinanews.com/wap/detail/chs/zw/330975.shtml
3026,网易,张泽,省部级,https://www.163.com/dy/article/J5MHAV3D0550AXYG.html
2969,中新网广东,郑石慧,中央级,https://m.chinanews.com/wap/detail/chs/zw/328890.shtml
928,埔企通,丁高洁,地市级,https://mp.weixin.qq.com/s/ib4u8mumD3d_bLpILHyB2g
2455,知识城集团,刘冠林,地市级,https://mp.weixin.qq.com/s/Dcu9rUleeXX9cgvMX2R1-A
1000,轨道招标网,杨晓晖,行业,https://mp.weixin.qq.com/s/XXRNcuLV8WuvPJLXDIWiHw
943,知识城发展,丁高洁,地市级,https://mp.weixin.qq.com/s/L0e3jVvuI1npyohE4tlBwA
2611,中南空管局技术保障中心,杨晓晖,行业,https://mp.weixin.qq.com/s/FBQ8P1ZOzez813_6YstgIg
518,南海狮山,丁高洁,地市级,https://mp.weixin.qq.com/s/cqTL67qmAQLAs0RNyBAe7Q
2890,机械工业第六设计研究院有限公司,刘冠林,行业,https://mp.weixin.qq.com/s/ttEahuOkceQRJKF4p0YuiA
1039,英雄三岛,文承聪,行业,https://mp.weixin.qq.com/s/9MiSeqszTAfnTRz1dN8Vyg
257,今日南山,"刁琢
安琼",地市级,https://mp.weixin.qq.com/s/Jandith69vOVrmzBzMH-sA
1003,广州市产促会 广州市楼促会,覃春晖,行业,https://mp.weixin.qq.com/s/3Tx1kSqBROBsn7qwisoRYg
259,东方宣传,邓讷,地市级,https://mp.weixin.qq.com/s/-uo1KaYdPnFvYK3Ujrt_sg
937,知识城ing,丁高洁,地市级,https://mp.weixin.qq.com/s/-t9UyKElwgeQ-Y618d9S8w
510,南沙部落,马松涛,地市级,https://mp.weixin.qq.com/s/7kPV6xf1rzrP_v02nVdElA
2028,广电新兴产业园,沈芳霞,地市级,https://mp.weixin.qq.com/s/dx2G6kPvNDo_Tiq1-ILBvQ
1601,翔安虾米网,王亚坤,地市级,https://mp.weixin.qq.com/s/QccbRojvm19Iwrc4pKt_3w
942,知识城通,丁高洁,地市级,https://mp.weixin.qq.com/s/4dTqn8WN0DQxCYRyQvd03g
2994,中华建设网,赵琥珀,中央级,https://www.zhjsw.cn/news/show-51375.html
2924,全国基层党建网,丁高洁,中央级,https://www.zgdj71.org.cn/zhonghebaodao/17136.html
3021,南方工报,沈芳霞,省部级,http://wap.nfgb.com.cn/html5/2024-06/27/content_14_26505.htm?curr=
2987,中国网,王亚坤,中央级,http://life.china.com.cn/gonggao/zixun/detail2_2024_06/20/4427831.html
2633,人民日报,丁俊峰,中央级,https://www.peopleapp.com/column/30046145432-500005649109
2841,横琴在线,刘楚逸,地市级,https://mp.weixin.qq.com/s/hjlmIKGRXCe2iDu66yiX6Q
2827,萝岗香雪网,刘冠林,地市级,https://mp.weixin.qq.com/s/4vJ1WV7b95lcMvHXxY7KZw
2840,珠海发布,刘楚逸,地市级,https://mp.weixin.qq.com/s/8rTWKiXFRWX-0crYHOVNeQ
2829,huangputong21,刘冠林,地市级,https://mp.weixin.qq.com/s/d1Llic7egJyqnio0Nl7jkw
2845,梅州发布,廖继红,地市级,https://mp.weixin.qq.com/s/lU2eJx0Rzthgc7tgd0W93A
2846,梅平见闻,廖继红,地市级,https://mp.weixin.qq.com/s/jfhlefFITFWh46Vi3ujmxA
2828,大沙地生活圈,刘冠林,地市级,https://mp.weixin.qq.com/s/zXiygbHH0Teu8ZnIKijfpw
2832,知识城集团,刘冠林,地市级,https://mp.weixin.qq.com/s/Dcu9rUleeXX9cgvMX2R1-A
2853,厦门市住房和建设局,文承聪,地市级,https://mp.weixin.qq.com/s/l8Cz9QFASWAFqUEcsjAt4w
2831,广州市建筑节能科技协会,刘冠林,地市级,https://mp.weixin.qq.com/s/s4sEgu3UnShS7-Ppji3WsQ
2842,横琴民生,刘楚逸,地市级,https://mp.weixin.qq.com/s/ZZB1N0DcFdegqepHlj0bqg
2871,厦门翔业,文承聪,地市级,https://mp.weixin.qq.com/s/oh6EQOJNz27jphVv7RosRw
2872,厦门自贸区,文承聪,地市级,https://mp.weixin.qq.com/s/TSyQjCQtokzWAOR9sLus8w
2843,粤C城市先锋,刘楚逸,地市级,https://mp.weixin.qq.com/s/XvZ_mnW3cAOeAUtZ7me-UA
2844,大横琴置业,刘楚逸,地市级,https://mp.weixin.qq.com/s/ipXbbrOLfN9VNb7INmb2iA
3140,海南新闻网,邓讷,省部级,http://binhaics.cn/450/ODU2MTM1OTI=.html
3144,海南海口网,邓讷,省部级,http://hainanhk.cn/9da02/39f71344680.html
3148,海南都市日报,邓讷,省部级,http://hndsrb.cn/5f3/ODU2MTM2NDA=.html
3001,环球旅讯,文承聪,中央级,https://www.traveldaily.cn/express/182743
3182,广东资讯网,吕昊临,省部级,http://syjinri.cn/529/MTI4MzY1NTg3.html
3183,广东新闻网,吕昊临,省部级,http://csxxb.cn/e9c/MTI4MzY1NTk2.html
3024,广东省人民政府,张泽,省部级,http://www.gd.gov.cn/gdywdt/zwzt/ygadwq/rlt/content/post_4446187.html
3193,广东头条网,程维格,省部级,http://gdtt.csxxb.cn/dce37/b0e28971214.html
3194,广东资讯网,程维格,省部级,http://syjinri.cn/529/MTMwMzcwNDcy.html
3196,广东都市,程维格,省部级,http://lzdushi.cn/604/ODY5MTM2NjA=.html
3197,广东新闻网,程维格,省部级,http://csxxb.cn/e9c/MTMwMzcwNDk5.html
3203,广东头条网,徐晓东,省部级,http://gdtt.csxxb.cn/dce37/b0e29019074.html
3204,广东资讯网,徐晓东,省部级,http://syjinri.cn/529/MTMwNTg1ODQy.html
3206,广东都市,徐晓东,省部级,http://lzdushi.cn/604/ODcwNTcyNDA=.html
3207,广东新闻网,徐晓东,省部级,http://csxxb.cn/e9c/MTMwNTg1ODY5.html
3212,福建企业网,王亚坤,省部级,http://fj.jkwindows.cn/e10b/b8b103442339.html
3213,福建新闻网,王亚坤,省部级,http://fjxxw.top/ce9/MTQ3Nzc0NzY=.html
3217,海西晨报,王亚坤,省部级,file:///D:/360MoveData/Users/风清扬/Documents/WeChat Files/wxid_a5gxaxx192tk22/FileStorage/Temp/17fab99a27f15861e8cd1b17c10f156.png
3168,南方工报,白占宝,省部级,http://wap.nfgb.com.cn/html5/2024-06/21/content_15_26352.htm
3169,南方工报纸媒,白占宝,省部级,http://wap.nfgb.com.cn/html5/2024-06/21/node_15.htm?curr=0
3171,南方工报纸媒,白占宝,省部级,http://wap.nfgb.com.cn/html5/2024-06/25/node_12.htm
3170,南方工报,白占宝,省部级,http://wap.nfgb.com.cn/html5/2024-06/25/content_12_26446.htm
3255,湛江日报,李辉,地市级,
2615,卫企协绿色医疗建筑建材分会,刘楚逸,行业,https://mp.weixin.qq.com/s/mOb39byCqs6b-hAbl2lcRw
2619,碧通百年建筑修缮,程涛玲,行业,https://mp.weixin.qq.com/s/zJHIoK6LNixMTpuCSWURug
2574,厦门市住房和建设局,文承聪,地市级,https://mp.weixin.qq.com/s/1wjLnQnDfiPHSsKP8Bwlsw
3225,福建发布,文承聪,省部级,https://mp.weixin.qq.com/s/5aVHv8iD-jJb12LXbDdwRA
2620,碧通百年建筑修缮,程涛玲,行业,https://mp.weixin.qq.com/s/z6bOoToNAaqEg8lY3kCI5w
2570,厦门广电,文承聪,地市级,https://mp.weixin.qq.com/s/Qo8r1l87RuRGgECukbq_VQ
2573,翔心筑新,文承聪,地市级,https://mp.weixin.qq.com/s/_92Z16K9fB90PO1Iwmw3VA
2612,粤港财富通,丁俊峰,行业,https://mp.weixin.qq.com/s/uu52cqgF0X9f708_OHLXPA
1364,建设工程辞典,陈荣君,行业,https://mp.weixin.qq.com/s/HYBT3CbCwMRhkhz7R_PcAA
2578,厦门交通,文承聪,地市级,https://mp.weixin.qq.com/s/LvoZO2aYWxh3zroLG2e9-w
2614,产业建管,沈芳霞,行业,https://mp.weixin.qq.com/s/fHfVTvUOuxqJFZlXu-GPvA
2571,厦门自贸区暨海关特殊监管区协会,文承聪,地市级,https://mp.weixin.qq.com/s/yFDchTBC-KSFI5mDc6JJaA
2582,投资厦门,文承聪,地市级,https://mp.weixin.qq.com/s/jxW-twDQOoEhjlrkpPvXGA
2618,客都1039电台,廖继红,行业,https://mp.weixin.qq.com/s/109TVlqaKYxOZ4_G5GYzSw
2572,廉洁翔安,文承聪,地市级,https://mp.weixin.qq.com/s/jZbiRcJEaXkaijn34lmSbQ
2557,中新广州知识城,徐立军,地市级,https://mp.weixin.qq.com/s/mLoCfmn8qY_bY6w_jXfLhQ
3106,网易,廖文斌,省部级,https://www.163.com/dy/article/J6P6DDAM0550AXYG.html
2668,中国品牌新闻网,邓讷,中央级,http://www.ppxw.net/kuaixun/20240909/4701.html
1761,广东信息网,魏曼曼,省部级,http://gd.cnsprb.cn/49657/8da68377005.html
3209,广东视窗网,徐晓东,省部级,http://gdsc.cnzixun.com.cn/085c/2e3858038172.html
3200,广东生活网,程维格,省部级,http://gd.baodaocn.cn/ea57/b5c757942456.html
3349,来知识城呀,丁俊峰,地市级,
3350,知识城发展,丁俊峰,地市级,
3208,广东信息网,徐晓东,省部级,http://gd.cnsprb.cn/49657/8da72547710.html
3351,知识城发展,丁俊峰,地市级,
3353,冲哥说产业招商,丁俊峰,地市级,
3205,广东讯息网,徐晓东,省部级,http://gd.dgbmnr.cn/0c92e/6aa3116076312.html
3374,黄埔生活汇,丁俊峰,地市级,
3202,广东信息港,徐晓东,省部级,http://gdg.cnxxb.cn/fd9/ODcwNTcyMTY=.html
2822,东莞建筑业,丁俊峰,地市级,https://mp.weixin.qq.com/s/-Ax--TgHKwQlcOSRV95BSg
2869,厦门房网,文承聪,地市级,https://mp.weixin.qq.com/s/xvZvb7-RD9zq05OC6I7paQ
2862,厦门自贸区,文承聪,地市级,https://mp.weixin.qq.com/s/g8GpL8YVp9wH3e2iP2TByg
3346,知识城产投集团,丁俊峰,地市级,https://mp.weixin.qq.com/s/fXkQDy5JnZ7VligVt6M48A
2867,天下翔安,文承聪,地市级,https://mp.weixin.qq.com/s/R3UMkft2JTTN9I4oOs2NBw
2865,微翔安人,文承聪,地市级,https://mp.weixin.qq.com/s/OHV8iLvZScQrddhs1e7T-A
2868,业翔民安,文承聪,地市级,https://mp.weixin.qq.com/s/FqRtauTn2TGhhiGf4LwC7A
2870,业翔民安,文承聪,地市级,https://mp.weixin.qq.com/s/DKSJiJ9AnVV8TmUl8bzhGg
2861,翔安生活网,文承聪,地市级,https://mp.weixin.qq.com/s/TiyCxVvntL0DlP5ZEJeE1Q
2863,业翔民安,文承聪,地市级,https://mp.weixin.qq.com/s/uuhaUmp9_1H2MfIKlhYyVQ
2876,白鹭洲知政,文承聪,地市级,https://mp.weixin.qq.com/s/A9TbMXM94Jk1GJ8g_E5jUw
2830,广州市建筑业联合会,刘冠林,地市级,https://mp.weixin.qq.com/s/G8_04xc0n043grMFmF_lEQ
3226,FM1036福建新闻广播,文承聪,省部级,https://mp.weixin.qq.com/s/ILonPH0b1n8IlP2Geh4epQ
2864,英雄三岛,文承聪,地市级,https://mp.weixin.qq.com/s/DSpQ24_IVl_F_qi1j6KMpg
2899,卫企协绿色医疗建筑建材分会,刘楚逸,行业,https://mp.weixin.qq.com/s/mOb39byCqs6b-hAbl2lcRw
2833,白云投资,蓝一新,地市级,https://mp.weixin.qq.com/s/9ZrvO6CBiu-jN0fe8wQ9sQ
1205,东南网,文承聪,省部级,https://mp.weixin.qq.com/s/-ges-VcjU3INoj_7sW0qnA
2622,青春八局,廖继红,行业,https://mp.weixin.qq.com/s/9Xz1wh4XmiDE0CMaBpNh_w
2623," 海外项目甲方信息库",赵琥珀,行业,https://mp.weixin.qq.com/s/s3PdRyRW1q12Sb60BvN-tw
2626,厦门翔业,文承聪,行业,https://mp.weixin.qq.com/s/PnjXkNIOK0Zq2TByu03QWg
1207,海西晨报,文承聪,省部级,https://mp.weixin.qq.com/s/PlMFocYGiticGCR5LBnJCg
1192,大马南洋通,赵琥珀,属地省部级,https://mp.weixin.qq.com/s/6R6jXsHX2NKcCqLYejq5NQ
1204,福建发布,文承聪,省部级,https://mp.weixin.qq.com/s/keZzi9lbi0U9BlcdEfp8_Q
2710,广东省建筑安全协会,丁俊峰,省部级,https://mp.weixin.qq.com/s/UjLuPrjFiOciQz4bEcFruQ
3242,青春白云,丁高洁,地市级,https://mp.weixin.qq.com/s/TNhorAuP2O3hyGt_-KG1gw
3244,顺德妹,张泽,地市级,https://mp.weixin.qq.com/s/Z5mu9ijkUMysawumNsKgCQ
3252,网信湛江,李辉,地市级,https://mp.weixin.qq.com/s/q1p5_joyW_8eloK9MnMLPQ
3248,房产CHANNEL佛山,张泽,地市级,https://mp.weixin.qq.com/s/4tKj8jKnnPLAkanongh-VA
3281,佛山楼市发布,张泽,地市级,https://mp.weixin.qq.com/s/s29GlyFeuhUpAVYyOAqO7w
3303,湾区城市观察,张泽,地市级,https://mp.weixin.qq.com/s/9ftzcq96vjdIBMIRVTnIYw
3298,南海联达,丁高洁,地市级,https://mp.weixin.qq.com/s/iOIalS3GyK8cGSoFSQXAkg
3260,伦教哥,张泽,地市级,https://mp.weixin.qq.com/s/Ruggegfdmw2ONfU_UmHEcg
3299,南海联达,丁高洁,地市级,https://mp.weixin.qq.com/s/4im03ENU3vW5XxEPk2WLtg
3258,佛山招商,张泽,地市级,https://mp.weixin.qq.com/s/Y4J2HQeljkvHzbVrkb0j4A
3300,湛江市第二中医医院,李辉,地市级,https://mp.weixin.qq.com/s/olWda0XiD--9KMctjpIOkg
3291,佛山本地宝,张泽,地市级,https://mp.weixin.qq.com/s?__biz=MzIyOTQyNTY4MA==&mid=2247715197&idx=1&sn=feb9c2e34f6e21089805e9915c96abaa&chksm=e931e23343264df73d3e89fb0eddc3f7eca4128eff6be2148a0ce0f7dab37a51518db07098fc&scene=27
3257,顺德发布,张泽,地市级,https://mp.weixin.qq.com/s/dYbLFCJBjw5dxL5g8gDmug
3304,青春佛山,张泽,地市级,https://mp.weixin.qq.com/s/4-3Rk_RS0gESifpSPIJNMw
3500,剑指十方,丁俊峰,行业,
3501,Real.Estate.Agent.in.Guangzhou,丁俊峰,行业,
3502,Evellllllyn,丁俊峰,行业,
3327,湛江市第二中医医院,李辉,地市级,https://www.zjshtcm.com/xinwendongtai/yiyuandongtai/1534.html
1339,畅想湾区,杨晓晖,行业,https://mp.weixin.qq.com/s/Ns572Z4PHatzOySPIim0Tg
1244,羊城纵览,覃春晖,地市级,https://mp.weixin.qq.com/s/cdfVMUVW7sYgmlWcJIlZeQ
1241,棠下,丁高洁,地市级,https://mp.weixin.qq.com/s/YkaqxlUJ_h5Xj8Bp0Eevsg
1360,建筑工程大全,陈荣君,行业,https://mp.weixin.qq.com/s/RO4JKjByHl8ArOWXjabMCQ
2911,行摄见书,文承聪,行业,https://mp.weixin.qq.com/s/mJTepL0kDdtm5R_6WmEMpg
1014,钢结构,王亚坤,行业,https://mp.weixin.qq.com/s/JKOR-cIo2wLbLzm2THDNoA
1317,厦门发改委,文承聪,地市级,https://mp.weixin.qq.com/s/MKgyhdWBO64ipe_3L6JBFA
979,闽台e家,文承聪,地市级,https://mp.weixin.qq.com/s/twqKK4VG7uxF__mU37ncUQ
1243,萝岗香雪网,覃春晖,地市级,https://mp.weixin.qq.com/s/zf8xJLCOKgy21paQau18DQ
1228,广州黄埔发布,丁高洁,地市级,https://mp.weixin.qq.com/s/C4B4pn566iT3xC__xSlJ6w
2142,学区与房产,廖文斌,行业,https://mp.weixin.qq.com/s/6BB3ifgPpGckY1yWSSX3qg
1231,知识城,丁高洁,地市级,https://mp.weixin.qq.com/s/00LOqZVw8QjgXtpIeV2OJg
1296,翔安政务,王亚坤,地市级,https://mp.weixin.qq.com/s/MMDTBRUNdn6KAL5sPD3yow
1358,网证数字生活,覃春晖,行业,https://mp.weixin.qq.com/s/8FwIqs_1nylLOOgMOOKwMw
1274,客都1039电台,伍学铁,地市级,https://mp.weixin.qq.com/s/g5RUdjBzkxX4SOmY0Vq-pw
286,数智体育,丁高洁,行业,https://mp.weixin.qq.com/s/17lPP02nd7LsNyuBXtz0tg
3238,福建省商务厅,文承聪,省部级,https://swt.fujian.gov.cn/xxgk/jgzn/jgcs/kgc/gzdt/202407/t20240710_6481694.htm
3499,观点,丁俊峰,行业,https://mp.weixin.qq.com/s/vDVXqmw9mdCv5WqqCTN1ZQ
3453,看荐城市,文承聪,地市级,https://mp.weixin.qq.com/s/gTCS3SjwFHFP2AawaeP4vw
3451,同安人大,文承聪,地市级,https://mp.weixin.qq.com/s/s6ezuSLHri4A_EKorMQldw
3450,厦门交通,文承聪,地市级,https://mp.weixin.qq.com/s/E8MUvgl8bCl5Jjyz15Vv6A
3503,装配式建筑信息平台,廖文斌,行业,https://mp.weixin.qq.com/s/6EkJfHVbzmlfzMFBY175oQ
3504,毅哥聊广州共有产权房公租房,廖文斌,行业,https://mp.weixin.qq.com/s/ekkNW5Vn56zQu1_dStkt5w
3505,八局基础,龙勤,行业,https://mp.weixin.qq.com/s/Cj8yekUzBSU7eneYN7CzGQ
3467,厦门卫视,文承聪,地市级,https://mp.weixin.qq.com/s/-TskkiQmzRraXRqoPgm-lA
3507,中建南方投资,魏薇,行业,https://mp.weixin.qq.com/s/S6bJVyJwEPcqymJx5W06zw
3469,翔安虾米网,文承聪,地市级,https://mp.weixin.qq.com/s/83hNMUudT6O7MHO2_q-NVA
3468,微翔安,文承聪,地市级,https://mp.weixin.qq.com/s/YvkysybqzPOjjQcMi1yxZw
3470,翔心筑新,文承聪,地市级,https://mp.weixin.qq.com/s/kbV_NjhPn80jp28v4xjLNQ
3472,翔安生活网,文承聪,地市级,https://mp.weixin.qq.com/s/ytnoJ-A-KlTYMUyRNjvK2w
3471,海导大长泰,文承聪,地市级,https://mp.weixin.qq.com/s/RcMA1sXwikKuHyyMK38vDQ
3506,中建南方投资,魏薇,行业,https://mp.weixin.qq.com/s/gHO3JbHJg9ii9KeYeXv5WQ
3324,在湾区,张泽,地市级,https://mp.weixin.qq.com/s/WxakWMz-bU3zSTx-mxYBSw
3382,广州国资,廖文斌,地市级,https://mp.weixin.qq.com/s/MlbAwhTMEPtxij0gDny-bQ
3274,顺控城投公司,张泽,地市级,https://mp.weixin.qq.com/s/V3AfXz-v6zDxQCA48ubWhA
3272,话说佛山,张泽,地市级,https://mp.weixin.qq.com/s/DTYhO1sDICVgrQikX0LZwg
3320,顺德青年,张泽,地市级,https://mp.weixin.qq.com/s/qyq8C6rDbGHQxmZ0vPqZnw
3381,广州乐居,廖文斌,地市级,https://mp.weixin.qq.com/s/BnKbCdbx7sIk6g2piJRFZw
3269,陈村号外,张泽,地市级,https://mp.weixin.qq.com/s/m2VKzIqxtwDG6xpAYoDlQQ
3319,顺德发布,张泽,地市级,https://mp.weixin.qq.com/s/X7v9iYxY42ENxocwV6CwOA
3273,佛山发布,张泽,地市级,https://mp.weixin.qq.com/s/xRuNOQ56oLrWlgVKomMCNQ
3383,楼市马大嘴,廖文斌,地市级,https://mp.weixin.qq.com/s/Mk28V8Zk1olF9JWxvLw_gQ
3323,广州青年志愿者,丁高洁,地市级,https://mp.weixin.qq.com/s/iBKpT0uWR_0PR4eV73Ls6A
1283,梅州时空,伍学铁,地市级,https://mp.weixin.qq.com/s/5CADBk37PlnnxsIqTsGYuQ
3380,广州市社会组织联合会,廖文斌,地市级,https://mp.weixin.qq.com/s/F7SpYU57IkS0WwvYCYAiiA
3271,佛山乐居,张泽,地市级,https://mp.weixin.qq.com/s/oHbSXAnHF14SDvyTdR6AKA
3261,佛系看世界,张泽,地市级,https://mp.weixin.qq.com/s/U-Pry2rX9HRsl4hb7WCpfw
3275,功夫房产,张泽,地市级,https://mp.weixin.qq.com/s/1ae2H3aV0rQw7clEJ47VPw
2943,人民日报,廖文斌,中央级,https://www.peopleapp.com/column/30045797831-500005575083
2273,人民政协网,唐良桥,中央级,https://www.rmzxb.com.cn/c/2024-09-29/3612409.shtml?n2m=1
1104,广东交通,杨晓晖,省部级,https://mp.weixin.qq.com/s/PuglSiDNoV7RCmUICPkzvg
1282,大平yuan远,伍学铁,地市级,https://mp.weixin.qq.com/s/7TrRiQnBOLztIpgRGc3ulQ
1301,厦门广电,文承聪,地市级,https://mp.weixin.qq.com/s/hOQhJE61l1HUNiOjWt2_Qw
1285,大梅网,伍学铁,地市级,https://mp.weixin.qq.com/s/Gl3pVGzGuQR_RbSqv1gcfA
1300,厦门日报,文承聪,地市级,https://mp.weixin.qq.com/s/thoXVZOwACFdRvxAjLWFWA
1291,今日海沧,王亚坤,地市级,https://mp.weixin.qq.com/s/XSfuXBQuCZbYF5u7J-4fEQ
1320,福州新闻网,文承聪,地市级,https://mp.weixin.qq.com/s/09_0EHOCZEnd6w-6ALjJRQ
1362,拿名企offer,陈荣君,行业,https://mp.weixin.qq.com/s/9Y5_1W_WduTjqBCcZzSPMw
1223,青春白云,丁高洁,地市级,https://mp.weixin.qq.com/s?__biz=MzA3NzM4MDEyMg==&mid=2656974123&idx=2&sn=ba1ccb27c31ce573ac232da11d44902c&chksm=8518baa4195d5e9dfae1f5ac40da22487e0becc5e2a8fb98f49ee4827caeaf64f33215908ca0&scene=27
1111,路讯网,陈荣君,省部级,https://mp.weixin.qq.com/s/Zaj628YkKcrrP3xgP2NbhA
1337,广东机场集团工程建设指挥部,杨晓晖,行业,https://mp.weixin.qq.com/s/nVJgqjYo2MehB_PDHkQXnw
1281,客家平远,伍学铁,地市级,https://mp.weixin.qq.com/s/sAv-4CBZVpNydEtQ3y8yAA
1304,厦门日报,文承聪,地市级,https://mp.weixin.qq.com/s/leV1e3GpHRO5L61yJLukFQ
1289,云浮共青团,刘芳,地市级,https://mp.weixin.qq.com/s/SKOekgp6KeZzenZZS8LoeQ
1361,规范标准资料,陈荣君,行业,https://mp.weixin.qq.com/s/wmZDhc8oo1aui4nrBJQf5A
1630,华东民航,文承聪,行业,https://mp.weixin.qq.com/s/uD-WuvTPUu5TQbMyLVMQ5g
1021,国机陆原,王亚坤,行业,https://mp.weixin.qq.com/s/RH1xf9XN6MGsfx1KeYKTAQ
1620,厦门日报,文承聪,地市级,https://mp.weixin.qq.com/s/TcngT6QP5pIkCZkFz7pUKw
1621,蓝房网厦门站,文承聪,地市级,https://mp.weixin.qq.com/s/5oFz05WFRWdn44Wt5GMlDA
3362,知识城印象,丁俊峰,地市级,https://mp.weixin.qq.com/s/7XDnQOhix0OYB8Ul_dnfBQ
1611,厦门日报,文承聪,地市级,https://mp.weixin.qq.com/s/teroYU2O_g8BLuiTljtO0Q
1612,翔安厝边头尾,文承聪,地市级,https://mp.weixin.qq.com/s/Eaq3aNjKFbvT5-ByWm99qA
1619,厦门发改委,文承聪,地市级,https://mp.weixin.qq.com/s/JeUfrAX9fmxgdMe9hjBK7Q
2113,翔安区政协,文承聪,地市级,https://mp.weixin.qq.com/s/G4XDvwZ9FehqCvkGArQKEQ
1615,厦门交通,文承聪,地市级,https://mp.weixin.qq.com/s/gGwOfNl6vvJx-0W4GHO5xg
1622,思明快报,文承聪,地市级,https://mp.weixin.qq.com/s/BJZ06EuGfzT7P3yHi7frXQ
1631,焦辰说旅游,文承聪,行业,https://mp.weixin.qq.com/s/x_rwcQHNlhviVGugPcJ0dg
1632,世界建筑设计联盟,文承聪,行业,https://mp.weixin.qq.com/s/i5AEoq2oDGf9x2IhUuxZqA
2432,东莞建筑业,丁俊峰,地市级,https://mp.weixin.qq.com/s/-Ax--TgHKwQlcOSRV95BSg
1600,广州MRO展,王亚坤,地市级,https://mp.weixin.qq.com/s/gk9DiJlVm7TLQ7GFjdMSsw
1366,CSGKC发展观察者,姚瑞哲,行业,https://mp.weixin.qq.com/s/LyJxYgBFhN953Q5gEAyusw
2813,广州黄埔发布,刘冠林,地市级,https://mp.weixin.qq.com/s/zDaFJehW7Va7TedzpOTlOQ
531,中国广州发布,马松涛,地市级,https://mp.weixin.qq.com/s/7l6U22XQkor3f3FZ84W8Tw
1006,把建筑工业化,杨晓晖,行业,https://mp.weixin.qq.com/s/Q0LBlT_wm0dHrC0Z6T5Izw
1340,飞行签派员,杨晓晖,行业,https://mp.weixin.qq.com/s/cnId1ZE99TZgWWJ1yp4H8g
401,南海融媒,丁高洁,省部级,https://mp.weixin.qq.com/s/CcQKPOb87deyRY2Mc9wXmg
935,棠下,丁高洁,地市级,https://mp.weixin.qq.com/s/mEqhLmLRP0mG31ldEbmDuQ
400,南海发布,丁高洁,省部级,https://mp.weixin.qq.com/s/Qjx1wp-kFV8LlgD7-Gc_nQ
2812,萝岗香雪网,刘冠林,地市级,https://mp.weixin.qq.com/s/KY1C2gglO0tzDz0H_PDmgw
897,马来西亚建筑通,赵琥珀,属地省部级,https://mp.weixin.qq.com/s/6vmqn9G2a_UUBnOB9cd7PQ
1026,厦门自贸区,文承聪,行业,https://mp.weixin.qq.com/s/-HVNoqvTtIC4xwyjubHk2Q
278,业翔民安,王亚坤、陈展红,地市级,https://mp.weixin.qq.com/s/o2CBdzdsRuZsI36PArhtTQ
3133,广东建设发布,廖文斌,省部级,https://mp.weixin.qq.com/s/DxBiaD8xErNE4YryV9ilSA
1024,业翔民安,文承聪,行业,https://mp.weixin.qq.com/s/QlLoRYXSswaiXnM880n_uA
404,GA环球建筑,马松涛,省部级,https://mp.weixin.qq.com/s/wLcUy3p4EIEaPNPuh1tHLg
1025,厦门房地产联合网,文承聪,行业,https://mp.weixin.qq.com/s/DnReZ1kHk6xK-TeGAQ-eBQ
295,世界建筑设计联盟,"刁琢
安琼",行业,https://mp.weixin.qq.com/s/-lCvjWLx7_rtRz_3ehr1NA
3459,厦门广电,文承聪,地市级,https://mp.weixin.qq.com/s/CKEtsfbbZBRXQ-VLZaIgCg
3466,厦门旅游年卡,文承聪,地市级,https://mp.weixin.qq.com/s/XECjLbPwm-0OIi36AxoJvw
1574,广州数字科技集团 ,沈芳霞,地市级,https://mp.weixin.qq.com/s/jAa10MLnEAYw2W3VLK2xOA
1592,天下翔安,王亚坤,地市级,https://mp.weixin.qq.com/s/SIyR7jqYq7hWcLlEXR029g
1576,中新广州知识城在线发布,覃春晖,地市级,https://mp.weixin.qq.com/s?__biz=MzI5MDUzMDUwMA==&mid=2247571552&idx=1&sn=b30ba0274580e1e3cf3121af745ae080&chksm=ed7f2111c4cfa2310153d1811898402f210f3f81a2494d1c4c7f239d2e621d47b6ee0ba21cbb&scene=27
1594,厦门发改委,王亚坤,地市级,https://mp.weixin.qq.com/s/PV3t2rDxbq6Mp0jFVL9Idw
2109,投资厦门,王亚坤,地市级,https://mp.weixin.qq.com/s/PCjdJ7cVLB7NtHeYehbNMA
3461,厦门日报房产头条,文承聪,地市级,https://mp.weixin.qq.com/s/C4ibMFfuMCI8A8DpQXgeEA
1582,今日儋州报,韩霞飞,地市级,https://mp.weixin.qq.com/s/carf0AtdZyqt9GFUhRMb0Q
3365,知识城,丁俊峰,地市级,https://mp.weixin.qq.com/s/7N2SJDJ4TVk9ha9236Ta2w
3463,厦门心服务,文承聪,地市级,https://mp.weixin.qq.com/s/-hPOTzQ5mOpUjJfDFmgu2w
1583,这里是儋州,韩霞飞,地市级,https://mp.weixin.qq.com/s/I_0f2VE_ZamenNQVdg7A6g
3462,白鹭洲知政,文承聪,地市级,https://mp.weixin.qq.com/s/gDBAqfDZQO9DwPoLW5AU0Q
3458,厦门本地宝,文承聪,地市级,https://mp.weixin.qq.com/s/iUUkb6y61u4XRP-kgkg2mw
3465,厦门自贸区,文承聪,地市级,https://mp.weixin.qq.com/s/r54Ga6rOyX-k3MSAww8JAA
1019,一吾一实,王亚坤,行业,https://mp.weixin.qq.com/s/4Vo74D2FKuPYncjqID6i5A
2161,房天下,张泽,行业,https://mp.weixin.qq.com/s/W6COm2tuc96v3umai7MZLg
2150,荟奇安科技,彭浩然,行业,https://mp.weixin.qq.com/s/QaBRfbLSNv8LAxH2Cvg6DQ
2153,剑鱼招标网,姚瑞哲,行业,https://mp.weixin.qq.com/s/NhzE-Tub2zrHy_d22o_YoQ
2158,新零售,张泽,行业,https://mp.weixin.qq.com/s/CZF_LUGdhPhKSQY0GO1p1w
2156,CBDTIMES,李超美,行业,https://mp.weixin.qq.com/s/d7jZZK447bg9ZiFDroijOg
2157,湾区高楼迷,丁俊峰,行业,https://mp.weixin.qq.com/s/2jOVaMXMyQvbNch_SjjRAA
2159,职业零售网,张泽,行业,https://mp.weixin.qq.com/s/ysjYiMkm2QaghMclmSmG3A
2010,安居客热点资讯,廖文斌,地市级,https://mp.weixin.qq.com/s/FldyNH8uD2SFucnG9u-7zw
2154,瑞达恒,丁高洁,行业,https://mp.weixin.qq.com/s/dP5Wpi7qa42chBxcOQEVHA
2643,经视一线,刘冠林,中央级,https://mp.weixin.qq.com/s/G4nr3cqUB_y4SxeXcffoHw
3480,XG云数智,沈芳霞,行业,https://mp.weixin.qq.com/s/OflvNaz1d_sUxg093ChlZw
3224,福建日报,文承聪,省部级,https://mp.weixin.qq.com/s/zvhBJnYpKmCkwJlbRgLNig
2155,穗埔福通旅,刘玉柱,行业,https://mp.weixin.qq.com/s/nabshceujo4eAZ_IpLBo_Q
2151,富力天海湾业主汇,丁高洁,行业,https://mp.weixin.qq.com/s/gW-ESPwY3TLLWXEpOLXCCQ
1035,中国民航技术装备,文承聪,行业,https://mp.weixin.qq.com/s/S765zNdR1evGDHkEPRohKw
289,横琴潮,刘楚逸,行业,https://mp.weixin.qq.com/s/QdBsKiV7qPyfLDHsZ5zYGg
1311,厦达通,文承聪,地市级,https://mp.weixin.qq.com/s/-YW9z91TLi3Lki2fSEzbKg
1394,福建房网,文承聪,行业,https://mp.weixin.qq.com/s/JxiicQhEAknydkXeJjasgw
968,健康厦门,王亚坤,地市级,https://mp.weixin.qq.com/s/EdRPuDobMkvTTJv979-IkQ
699,羊城纵览,丁高洁,地市级,https://mp.weixin.qq.com/s/C2tpHiVjyDhJPi9onf8sgQ
698,腾飞南沙,丁高洁,地市级,https://mp.weixin.qq.com/s/mnBnxLmPDO0u6EICO02R3g
1215,知识城,林玉柱,地市级,https://mp.weixin.qq.com/s/_9VfhEgH9OUE3A2Y4PZwDg
1242,黄埔微生活,覃春晖,地市级,https://mp.weixin.qq.com/s/myTPPTN6wtqhz-bwmSYaRw
986,厦门日报,文承聪,地市级,https://mp.weixin.qq.com/s/uLAOgKiab0_5mUUvAjW8jg
1194,iProperty,赵琥珀,属地省部级,https://www.iproperty.com.my/news/tropicana-begins-construction-on-lido-waterfront-boulevard-in-johor-97365
3494,零售圈,张泽,行业,https://mp.weixin.qq.com/s/bhbEWNyFv7T2nHTXDxpBEg
2168,碧通百年建筑修缮,文承聪,行业,https://mp.weixin.qq.com/s/PvtVfo7tmY9lOWGvzlX8hQ
3525,蓝房网厦门站,文承聪,行业,https://mp.weixin.qq.com/s/xzTcIj8cFjgyQUcHATo8uA
2477,知识城周边事,丁俊峰,地市级,https://mp.weixin.qq.com/s/7AREqbH7OznJ-fOpo4zaaQ?poc_token=HNPTEWej2srk3OydNuQqnLR45SEHez9oEqdi0kSy
2177,中国幕墙网,文承聪,行业,https://mp.weixin.qq.com/s/hg7qrBlITXz-dDeEzVb7sA
3530,美伦鹭景园,文承聪,行业,https://mp.weixin.qq.com/s/0nGjAm5S-Q-p6XbfKhyT_Q
2427,东南网,文承聪,省部级,https://mp.weixin.qq.com/s/W1sLQB3LE6lGAUmOdqfBAg
3528,中国安装协会,文承聪,行业,https://mp.weixin.qq.com/s/3O0-agUe2J2Oi3uWN0ZmCA
3526,马銮湾见证者,文承聪,行业,https://mp.weixin.qq.com/s/qeIKA1dgHqMRISMeqW_aGA
3531,美伦鹭景园,文承聪,行业,https://mp.weixin.qq.com/s/0nGjAm5S-Q-p6XbfKhyT_Q
2495,广州市建筑业联合会,丁俊峰,地市级,https://mp.weixin.qq.com/s/RwnREvhvSgntUnzCm8D5-A
3491,龙商网超市周刊,张泽,行业,https://mp.weixin.qq.com/s/Q4F8aeK3RJpKmo7Axoch9A
3496,港生地產,张泽,行业,https://mp.weixin.qq.com/s/ZmfJ7mr3jgD2iFwXZTzRpw
3532,上海佰翔花园酒店,文承聪,行业,https://mp.weixin.qq.com/s/P6JLReZ2p6ek_g3EAH0xsA
2466,江门住建,丁俊峰,地市级,https://mp.weixin.qq.com/s/wllEvcCMb5L17K8-MbzxVg
3492,职业零售网,张泽,行业,https://mp.weixin.qq.com/s/fixSxsehTigGsnqLubeiLw
3535,中国民用航空网,文承聪,行业,https://www.ccaonline.cn/newsflashes/968001.html
2094,白云社区网,王鹏,地市级,https://mp.weixin.qq.com/s/_41XRpZLMJ4RhRMaAF8TyQ
2176,Amoy地产快递员,文承聪,行业,https://mp.weixin.qq.com/s/CSMppjZ9gxyHjXoDfqZz_Q
2074,白云开发公司,蓝一新,地市级,https://mp.weixin.qq.com/s/ompGSh98XXryyvvs3PuA_A
2108,思明快报,王亚坤,地市级,https://mp.weixin.qq.com/s/WNSdWLDoWiXoYbFxK__GdA
2484,看黄埔,丁俊峰,地市级,https://mp.weixin.qq.com/s/ex55v6dOJ3TSR6eXCLdiWg
2066,美好江高,王鹏,地市级,https://mp.weixin.qq.com/s/5BY5xEn3rIvRmUvtxZwBlg
2068,中建科工,丁俊峰、任浩霖,地市级,https://mp.weixin.qq.com/s/vBlgzqq8sdk-Bg8QCqCogg
2063,花城楼讯,蓝一新,地市级,https://mp.weixin.qq.com/s/L0I_iUtvvC6DZwuw9G282g
2111,象屿港湾,王亚坤,地市级,https://mp.weixin.qq.com/s/OBwKv3aDvKlX2TcR3nhL5g
2082,南沙部落,李超美,地市级,https://mp.weixin.qq.com/s/9SLYLqWTuVPVPoVjcIDlxA
2103,海口日报,邓讷,地市级,https://mp.weixin.qq.com/s/MyoyBU2i-qKyZMRexB-SjQ
2096,知识城,覃春晖,地市级,https://mp.weixin.qq.com/s/Yu2gAKKPRMP9vz-6X7erfg
2077,广州房探,廖文斌,地市级,https://mp.weixin.qq.com/s/ZqwKX8Cs9lnHNJIJZ2nU_Q
2067,中建科工华南大区,丁俊峰、任浩霖,地市级,https://mp.weixin.qq.com/s/DXgAbs3iM69QeN1FIETYZQ
2069,职业零售网,张泽,地市级,https://mp.weixin.qq.com/s/pq0r-HRrmmFCYOWnqrEJow
2089,广州PLUS,李超美,地市级,https://mp.weixin.qq.com/s/V2yqzG72iJbATjTthpfbdQ
3014,广东庞源,丁高洁,省部级,https://mp.weixin.qq.com/s/42WJCBE-7T7YLoN-MmTynw
3343,羊城纵览,丁俊峰,地市级,https://mp.weixin.qq.com/s/IRfmRuFM6EOwoZ43DtHLHg
1276,梅平见闻,伍学铁,地市级,https://mp.weixin.qq.com/s/ve5q_qRWmd0hESrsyM-wgQ
1028,业翔民安,文承聪,行业,https://mp.weixin.qq.com/s/q4Iv0_LzBeo0eCNlPiiI8g
238,青春白云,丁高洁,地市级,https://mp.weixin.qq.com/s/tokO6x-Ui31p5lAS9v8aOA
1406,最闽侯,文承聪,行业,https://mp.weixin.qq.com/s/7NtF-3j3D26WDgCSdYimWw
735,众森绿建实战营,姚瑞哲,行业,https://mp.weixin.qq.com/s/V3R99SmOXV7B5Vc2dB1OSQ
2122,厦门十点半,文承聪,地市级,https://mp.weixin.qq.com/s/JcX2VQJfkjg2T8ZxNL0EYQ
981,厦门晚报,文承聪,地市级,https://mp.weixin.qq.com/s/NjECQECfe8e0enRy3a-ABw
2117,厦门翔业,文承聪,地市级,https://mp.weixin.qq.com/s/aorK6TRcqVxSJXGCqgg6vw
975,厦门日报,文承聪,地市级,https://mp.weixin.qq.com/s/y5dAKxvOqAQM9UpN5MpXYw
989,厦门交通,文承聪,地市级,https://mp.weixin.qq.com/s/UfJpADV8T0rZQ3Hb0VaLPA
1109,广东服务助手,杨晓晖,省部级,https://mp.weixin.qq.com/s/wZTNXi3ZmhvNmkwXNRoIHg
974,湖里头条,文承聪,地市级,https://mp.weixin.qq.com/s/-tzNUUFlq6TjPaLFfZ9Oug
1400,厦门城市圈,文承聪,行业,https://mp.weixin.qq.com/s/PcZHqAnPi9d2aaCTKCdE8w
2549,坦洲镇联一村党群服务中心,屈建华,地市级,https://mp.weixin.qq.com/s/H0GalbVvyiUYRf0cv1-bWg
1359,奥林建工笔记,陈荣君,行业,https://mp.weixin.qq.com/s/5TRnYz1mUvCptmYV4lGYkg
1265,广州黄埔发布,丁高洁,地市级,https://mp.weixin.qq.com/s/EbZQhRzujiHdz_wlD-62Cw
1338,GBA湾区资讯站,杨晓晖,行业,https://mp.weixin.qq.com/s/YYrSvGOcFj2SaYLUjFDBIQ
1313,厦门发改委,文承聪,地市级,https://mp.weixin.qq.com/s/Gyup1LDrcXOzospy8Hfriw
1295,厦门网,王亚坤,地市级,https://mp.weixin.qq.com/s/M26r-tBmDe7od3DI-2mgdw
1277,梅江发布,伍学铁,地市级,https://mp.weixin.qq.com/s/CJQjPxt0x0RSf19ieOtrPQ
1280,TunnelExpo 地下工程与隧道展,伍学铁,行业,https://mp.weixin.qq.com/s/tsIKxgrZ6nnrqruYdrXKhQ
1303,厦门发改委,文承聪,地市级,https://mp.weixin.qq.com/s/0SOq-FaGN4z1YWENlnXiUA
1044,招标网,马松涛,中央级,https://xm.zhaobiao.cn/project_v_886064.html
2469,知识城ing,丁俊峰,地市级,https://mp.weixin.qq.com/s/KvmKexpp4PKbw4ul5mTqNw
2474,萝岗香雪网,丁俊峰,地市级,https://mp.weixin.qq.com/s/zqv1SnUS1nQwKLinC3B6RQ
2463,白云视野,杨晓晖,地市级,https://mp.weixin.qq.com/s/ij_vtt-qusfhemJ1IK5H-A
2439,萝岗香雪网,刘冠林,地市级,https://mp.weixin.qq.com/s/KY1C2gglO0tzDz0H_PDmgw
2493,中新广州知识城,丁俊峰,地市级,https://mp.weixin.qq.com/s/yjB_4pBHWsMKt7RPFO8Ocg
2485,知识城集团,丁俊峰,地市级,https://mp.weixin.qq.com/s/y_Nvi7VzBwj9OEEBa7WQcQ
2479,广州黄埔发布,丁俊峰,地市级,https://mp.weixin.qq.com/s/-5wUEQ--LbSLIZeMYVAd0w
2498,广州白云发布,杨晓晖,地市级,https://mp.weixin.qq.com/s/9ne40_5td8qhioRMs0l7Hg
2461,横琴城规建局,丁俊峰,地市级,https://mp.weixin.qq.com/s/8yoT778t1J-cggeCths5Xg
2458,白云侨联,杨晓晖,地市级,https://mp.weixin.qq.com/s?__biz=MzUwOTU5NDc3Ng==&mid=2247525741&idx=1&sn=eeb168683e0fd6d2843508126348e3c2&chksm=f8677bfecde892b5a612f876d3931e3323b5a16d201d8e9e9798660f9f6419520935bcec67ab&scene=27
2476,知识城,丁俊峰,地市级,https://mp.weixin.qq.com/s/VFsv-7AntxpL9RG-gqqxjA
2492,知识城一商通,丁俊峰,地市级,https://mp.weixin.qq.com/s/5LZZBC_HEZlGPHUomyS8Qw
2441,经视一线,刘冠林,地市级,https://mp.weixin.qq.com/s/G4nr3cqUB_y4SxeXcffoHw
2541,云浮共青团,刘芳,地市级,https://mp.weixin.qq.com/s/-wYR5zzQZX2PJteEVe7cbw
2552,黄埔视野,徐立军,地市级,https://mp.weixin.qq.com/s/Q0gMH0fipLyIESKbLRFTjQ
2548,中山住建,屈建华,地市级,https://mp.weixin.qq.com/s/D7EONqXhi1At9qLQEnPi9g
2555,广州黄埔发布,徐立军,地市级,https://mp.weixin.qq.com/s/kW-Muc0X8OqlrZ8hzNdoIA
2556,穗埔福通旅,徐立军,地市级,https://mp.weixin.qq.com/s/wiIOaqBeUs26GLUgEcFuwA
2554,知识城,徐立军,地市级,https://mp.weixin.qq.com/s/lx0DhfEdVtL_OA2JETs69g
2553,萝岗香雪网,徐立军,地市级,https://mp.weixin.qq.com/s/ZkCdYZ5nFDwilffwsK1lyA
2544,云浮汇,刘芳,地市级,https://mp.weixin.qq.com/s/P6VjMSMTMxd2BMzu0dvIJw
2551,广州交通,徐立军,地市级,https://mp.weixin.qq.com/s/1GSq6fSLIz5KfrE9DokFcg
2491,知识城那些事儿,丁俊峰,地市级,https://mp.weixin.qq.com/s/EBfB28bYxklQ5CvRUCY69w
2457,横琴在线,丁俊峰,地市级,https://mp.weixin.qq.com/s/Zq3e_WMLAYA3cJ42-Yu2Jg
2488,知识城,丁俊峰,地市级,https://mp.weixin.qq.com/s/J3cO334y0LtKlx94EPAtHw
2502,广州高新区发布,覃春晖,地市级,https://mp.weixin.qq.com/s/P909miI9ZkJihYIY4RSwvA
2438,证券日报之声,刘冠林,地市级,https://mp.weixin.qq.com/s/6Lkrt2ATpnJDbO2EeJ2igA
2884,华南工程项目库,李赛闯,行业,https://mp.weixin.qq.com/s/6-RGVtyirTNpXY8Eju3bpg
2906,盾构时代,文承聪,行业,https://mp.weixin.qq.com/s/c2qmdK-ztMNcSBdSWvta9w
2894,健康100FUN,刘楚逸,行业,https://mp.weixin.qq.com/s/QtXh_Azg3A3Po0N_Z0rSEQ
2852,多彩厦门湾,文承聪,地市级,https://mp.weixin.qq.com/s/me6nDFSe9pzWCvqGpJbEiQ
2857,厦门攻略通,文承聪,地市级,https://mp.weixin.qq.com/s/wcXEp33GwULuxuGzoBcMWw
2880,西雅图好帮手,张泽,行业,https://mp.weixin.qq.com/s/-gzGzWBn4R_Kbp1bAdZocw
2883,湾区高楼迷,覃春晖,行业,https://mp.weixin.qq.com/s?search_click_id=8979978941171889065-1724197829840-6651995215&__biz=MzI1OTM2MTg5Nw==&mid=2247719567&idx=1&sn=76707c3763985545353a3fc57c8f2bc6&chksm=eb6a56fa824e8e2cca002997832af91a14d9afc3834992178820a18a360c2249717d810bd984&clicktime=1724197829&enterid=1724197829&subscene=0&ascene=65&devicetype=iOS17.5&version=18003239&nettype=WIFI&abtest_cookie=AAACAA%3D%3D&lang=zh_CN&countrycode=CN&fontScale=100&exportkey=n_ChQIAhIQjWVx%2Byumq%2BrE3DSIw5T98xLYAQIE97dBBAEAAAAAAOjYCRktf4sAAAAOpnltbLcz9gKNyK89dVj0jYHXi1r188Xyt7pA70PWb883XP1HmYCC9xlacfQpoNohltJ5za5c6ComKWM4L0GjVml738e2MfCJ7UtFHEtco5zpxX4kQw1KdxGferUe6GDO21HGYnJeW5B7sjaeYD0D6m0ZH8NH%2FtYBn1t3gDhbPQdEZBNE69x1dDk809SPmT7Ib1eaKmmSTT7fJcW79tFTiPuPG0H76vFJhH0km1GD1p2sNlHavje%2BFe36Dm%2FSP%2FKooQ%3D%3D&pass_ticket=DwHm0rU0tL1btVgo%2B1Q3FsX9fa%2B%2Fe2yZH%2FNQd1PPchMnBMZ3b0kQVscMLmHt7Oyq&wx_header=3
2875,厦门党史方志,文承聪,地市级,https://mp.weixin.qq.com/s/4cFk5gDbU12ANKTeg8VVWg
3398,知识城,丁俊峰,地市级,https://mp.weixin.qq.com/s/k1lOcbfeU4qsjZTrKneGTA
556,海口广播电视台,邓讷,地市级,https://mp.weixin.qq.com/s?__biz=MzA5ODM1MjkzOA==&idx=1&mid=2650198411&sn=10e3d8fb46d4b154191a4932bbfa8247
1379,微时区,王亚坤,行业,https://mp.weixin.qq.com/s/Cly0bxNwWU1S-H3ySOqxBw
1318,红色厦关,文承聪,地市级,https://mp.weixin.qq.com/s/YUKEfY2RgQ5E9alOyt0V3A
1392,民航之翼,文承聪,行业,https://mp.weixin.qq.com/s/vqA2IZqqibb3pjgimPpuxw
2060,广电新兴产业园,沈芳霞,地市级,https://mp.weixin.qq.com/s/1A2x4BuLmFIr5mqn-ruFnw
3340,知识城周边事,丁俊峰,地市级,https://mp.weixin.qq.com/s/AabIf6JjW2mHY0wBWqovNw
2550,中山市生态环境局,屈建华,地市级,https://mp.weixin.qq.com/s/k9CShL4CIOiD4K8ARj4aTw
3025,广佛头条,张泽,省部级,https://mp.weixin.qq.com/s/6FsI-bMoOP8yYIeEEWO5Zw
2904,同安泉州商会,文承聪,行业,https://mp.weixin.qq.com/s/nO_PXCEDjL4p-kFgMzD9Vw
1307,厦门城市圈,文承聪,地市级,https://mp.weixin.qq.com/s/BxubNK1rGfRP02I6-_QW8A
1342,小曾看房,林玉柱,行业,https://mp.weixin.qq.com/s/NweGqRVDF6t3fBDkAY7WLA
1393,英雄三岛,文承聪,行业,https://mp.weixin.qq.com/s/QKaBrYzMEJU7ChNIWNQYmg
2855,白鹭洲知政,文承聪,地市级,https://mp.weixin.qq.com/s/YdYo_4OkvOrB_DqtnWs5gg
2076,搜狐焦点佛山站,张泽,地市级,https://mp.weixin.qq.com/s/zYiUgiAdm45kTOU-tn70wA
1381,旅游营销观察,王亚坤,行业,https://mp.weixin.qq.com/s/ECVZdb4qeKZLbhGvdIGEHQ
3482," 香港isBIM",丁高洁,行业,https://mp.weixin.qq.com/s/PfNjEMr1mHf8Ln32C8sh2A
3366,安居客广州,丁俊峰,地市级,https://mp.weixin.qq.com/s/c3WMpoxlUWlRFpmx3JN3yg
3254,广州住博会,沈芳霞,地市级,https://mp.weixin.qq.com/s/d5vZax61M0Cfngj9X-SpdQ
3420," 楼市阵地",廖文斌,地市级,https://mp.weixin.qq.com/s/Fmg16q2gxkAPe0dxNIJJyg
3368,出彩黄埔,丁俊峰,地市级,https://mp.weixin.qq.com/s/8cwA9nHkdXnKWt_Nrea-cA
3399,知识城周边事,丁俊峰,地市级,https://mp.weixin.qq.com/s/4-CYGE2NGpP35S9zFnbvDw
3347,湾区新黄埔,丁俊峰,地市级,https://mp.weixin.qq.com/s/Az4OU1rbFOXPmX7Aj6fUAg
2558,广州市黄埔区人民政府,徐立军,地市级,https://www.hp.gov.cn/2021gb/zz/zjdt/content/post_9571821.html
175,交通在线,迟立刚,省部级,http://www.jiaotongwang.cn/plus/view-509448-1.html
269,广州资讯网,龙冬、张美怡,地市级,http://gz.cns-photo.com/item-y5kjvwj.html
443,新报网,"安琼
宋耀明",省部级,http://www.xinbaomu.com/info/67583.shtml
438,新报网,安琼,省部级,http://www.xinbaomu.com/info/67563.shtml
433,新报网,宋耀明,省部级,http://www.xinbaomu.com/info/67528.shtml
144,新报网,"李东波
安琼",省部级,http://xinbaomu.com/info/67669.shtml
148,新报网,安琼,省部级,http://www.xinbaomu.com/info/68854.shtml
429,新报网,崔国玉,省部级,http://www.xinbaomu.com/info/67514.shtml
151,新报网,欧阳琳,省部级,http://www.xinbaomu.com/info/68862.shtml
195,广东文化网,董良好、张美怡,省部级,http://www.gd.tv56.com.cn/content/n2yo86k.html
192,广东网,董良好、张美怡,省部级,http://www.gd.hebgdhht.com/article/4vjk9dn.html
267,广州企业网,董良好、张美怡,地市级,http://www.gz.hcpit.org/news/33pk0my.html
895,大马南洋通,赵琥珀,属地省部级,https://www.facebook.com/seatocmy/photos/
203,广东文化网,龙冬、张美怡,省部级,http://www.gd.tv56.com.cn/content/g236wok.html
193,广东热线,董良好、张美怡,省部级,http://www.gd.hcpit.org/news/6058y9n.html
206,广东新闻网,龙冬、张美怡,省部级,http://www.gdnews.org.cn/news/4780.html
198,广东新闻网,董良好、张美怡,省部级,http://www.gdnews.org.cn/news/4779.html
204,广东信息网,龙冬、张美怡,省部级,http://www.gd.0391xxw.cn/html/p2nkomg.html
202,广东热线,龙冬、张美怡,省部级,http://www.gd.hcpit.org/news/vpn8q5k.html
201,广东网,龙冬、张美怡,省部级,http://www.gd.hebgdhht.com/article/qw3kd8d.html
268,广州企业网,龙冬、张美怡,地市级,http://www.gz.hcpit.org/news/bo4r9zg.html
205,广东商业网,龙冬、张美怡,省部级,http://www.gd.guishangwang.cn/news/8gjnp9n.html
194,广东商业网,董良好、张美怡,省部级,http://www.gd.guishangwang.cn/news/zdnrpv3.html
197,广州资讯网,董良好、张美怡,省部级,http://gz.cns-photo.com/item-r904vgz.html
196,广东信息网,董良好、张美怡,省部级,http://www.gd.0391xxw.cn/html/22j93yy.html
1098,马来西亚中国报,赵琥珀,中央级,https://www.chinapress.com.my/20241113/%E6%9F%94%E4%BD%9B%E4%B8%BD%E9%83%BD%E6%B5%B7%E6%BB%A8%E5%A4%A7%E9%81%93%E9%A6%96%E6%9C%9F%E5%8F%91%E5%B1%95%E4%B8%BE%E8%A1%8C%E5%8A%A8%E5%9C%9F%E7%A4%BC/
1175,广东门户网,张泽钲,省部级,http://www.xiaoxunet.cn/2024/102464820.html
1185,bmdam,赵琥珀,属地省部级,https://www.instagram.com/bmdam.org.my/p/DB1IxabOmSS/?img_index=1
1188,东方online,赵琥珀,属地省部级,https://www.orientaldaily.com.my/news/business/2024/11/01/690220
1195,starproperty,赵琥珀,属地省部级,https://www.starproperty.my/news/property-news/tropicana-begins-construction-on-lido-waterfront-boulevard-in-johor-skypark-kepler/130114
1198,yahoo news,赵琥珀,属地省部级,https://sg.news.yahoo.com/best-both-worlds-lido-waterfront-093000884.html
1200,PICKASTOCK,赵琥珀,属地省部级,https://www.google.com/search?q=%E6%9F%94%E4%BD%9B%E4%B8%BD%E9%83%BD%E6%B5%B7%E6%BB%A8%E5%A4%A7%E9%81%93%E9%A6%96%E6%9C%9F%E5%8F%91%E5%B1%95%E4%B8%BE%E8%A1%8C%E5%8A%A8%E5%9C%9F%E7%A4%BC&sca_esv=9844c5af186a16ef&sxsrf=ADLYWII5aI8xYFhkto0reCKt4UKgdJdYFw:1732070084178&ei=xEo9Z-rMCtif4-EPj8iawAk&start=10&sa=N&sstk=ATObxK7U6HCXWGvDecH2mVaYDOxEOelWooi3cLz_pxXmIAns2bMqu2xni2bs9pBa8lt_Nb-9ea4sqwhQY393kype29soh7Lo5h5UxA&ved=2ahUKEwjqvt_w7-mJAxXYzzgGHQ-kBpgQ8tMDegQICBAE&biw=1470&bih=747&dpr=1#vhid=wi4IIF1m6bp_0M&vssid=_uks9Z_C_JeaR4-EP5tSBgA0_31
1203,大马南洋通,赵琥珀,属地省部级,https://www.facebook.com/seatocmy/photos/
1448,中国交通在线,程维格,中央级,http://www.jiaotongwang.cn/plus/view-514120-1.html
1702,海南经济网,邓讷,省部级,http://hnjingji.eastzixun.cn/a0ff/73cf59860292.html
1722,广东在线,吕昊临,省部级,http://gdzaixian.com.cn/9db4b/3d0f117533224.html
1770,新报网,王亚坤,省部级,http://www.xinbaomu.com/info/75724.shtml
1787,陕西热线,陈志诚,省部级,http://www.sx.hcpit.org/news/zm0g263.html
1788,陕西网,陈志诚,省部级,http://www.sx.hebgdhht.com/article/82d5y0n.html
1789,陕西文化网,陈志诚,省部级,http://www.sx.tv56.com.cn/p/52y2y2n.html
1790,陕西信息网,陈志诚,省部级,http://www.sx.0391xxw.cn/html/mzqzqzo.html
1802,陕西热线,陈志诚,省部级,http://www.sx.hcpit.org/news/jg56vro.html
1803,陕西网,陈志诚,省部级,http://www.sx.hebgdhht.com/article/om4o3yy.html
1804,陕西文化网,陈志诚,省部级,http://www.sx.tv56.com.cn/p/9pzpzpm.html
1805,陕西信息网,陈志诚,省部级,http://www.sx.0391xxw.cn/html/4252522.html
1817,陕西热线,陈志诚,省部级,http://www.sx.hcpit.org/news/g9p4vyk.html
1818,陕西网,陈志诚,省部级,http://www.sx.hebgdhht.com/article/pdr5v6g.html
1819,陕西文化网,陈志诚,省部级,http://www.sx.tv56.com.cn/p/wopopoz.html
1820,陕西信息网,陈志诚,省部级,http://www.sx.0391xxw.cn/html/d2g2g2n.html
1832,陕西热线,陈志诚,省部级,http://www.sx.hcpit.org/news/dm3dvyn.html
1833,陕西网,陈志诚,省部级,http://www.sx.hebgdhht.com/article/wjz3q6z.html
1834,陕西文化网,陈志诚,省部级,http://www.sx.tv56.com.cn/p/6zgzgz3.html
1835,陕西信息网,陈志诚,省部级,http://www.sx.0391xxw.cn/html/q2b2b24.html
1848,陕西网,陈志诚,省部级,http://www.sx.hebgdhht.com/article/92wmkqm.html
1847,陕西热线,陈志诚,省部级,http://www.sx.hcpit.org/news/4vjgrq2.html
1849,陕西文化网,陈志诚,省部级,http://www.sx.tv56.com.cn/p/vjgjgj0.html
1850,陕西信息网,陈志诚,省部级,http://www.sx.0391xxw.cn/html/b6j6j68.html
1862,陕西热线,陈志诚,省部级,http://www.sx.hcpit.org/news/y5kz56b.html
1864,陕西文化网,陈志诚,省部级,http://www.sx.tv56.com.cn/p/q2b2q3p.html
1863,陕西网,陈志诚,省部级,http://www.sx.hebgdhht.com/article/bo45omr.html
1865,陕西信息网,陈志诚,省部级,http://www.sx.0391xxw.cn/html/vjgjmn8.html
1877,陕西热线,陈志诚,省部级,http://www.sx.hcpit.org/news/vpnrpoz.html
1879,陕西文化网,陈志诚,省部级,http://www.sx.tv56.com.cn/p/b6j6vmy.html
1880,陕西信息网,陈志诚,省部级,http://www.sx.0391xxw.cn/html/ymnm462.html
1878,陕西网,陈志诚,省部级,http://www.sx.hebgdhht.com/article/bo45opr.html
1895,陕西信息网,陈志诚,省部级,http://www.sx.0391xxw.cn/html/mzqzbr5.html
1894,陕西文化网,陈志诚,省部级,http://www.sx.tv56.com.cn/p/52y2mzv.html
1892,陕西热线,陈志诚,省部级,http://www.sx.hcpit.org/news/vpnrp2j.html
1893,陕西网,陈志诚,省部级,http://www.sx.hebgdhht.com/article/qw3zwvz.html
1907,陕西热线,陈志诚,省部级,http://www.sx.hcpit.org/news/r90doyr.html
1909,陕西文化网,陈志诚,省部级,http://www.sx.tv56.com.cn/p/n2y2kbm.html
1910,陕西信息网,陈志诚,省部级,http://www.sx.0391xxw.cn/html/22j2bdq.html
1908,陕西网,陈志诚,省部级,http://www.sx.hebgdhht.com/article/33p8gnr.html
1922,陕西热线,陈志诚,省部级,http://www.sx.hcpit.org/news/qw3zjbm.html
1923,陕西网,陈志诚,省部级,http://www.sx.hebgdhht.com/article/605jogk.html
1924,陕西文化网,陈志诚,省部级,http://www.sx.tv56.com.cn/p/8gjgko0.html
1925,陕西信息网,陈志诚,省部级,http://www.sx.0391xxw.cn/html/zdnd54o.html
1937,陕西热线,陈志诚,省部级,http://www.sx.hcpit.org/news/82d5mkz.html
1938,陕西网,陈志诚,省部级,http://www.sx.hebgdhht.com/article/zm0gk5y.html
1939,陕西文化网,陈志诚,省部级,http://www.sx.tv56.com.cn/p/8gjgknr.html
1940,陕西信息网,陈志诚,省部级,http://www.sx.0391xxw.cn/html/zdnd5rq.html
1952,陕西热线,陈志诚,省部级,http://www.sx.hcpit.org/news/g9p4nby.html
1953,陕西网,陈志诚,省部级,http://www.sx.hebgdhht.com/article/pdr5p8v.html
1954,陕西文化网,陈志诚,省部级,http://www.sx.tv56.com.cn/p/g232b6d.html
1955,陕西信息网,陈志诚,省部级,http://www.sx.0391xxw.cn/html/p2n28k9.html
1968,陕西网,陈志诚,省部级,http://www.sx.hebgdhht.com/article/om4ogkg.html
1967,陕西热线,陈志诚,省部级,http://www.sx.hcpit.org/news/53opj4o.html
1969,陕西文化网,陈志诚,省部级,http://www.sx.tv56.com.cn/p/n2y2kvy.html
1970,陕西信息网,陈志诚,省部级,http://www.sx.0391xxw.cn/html/22j2bp3.html
1984,陕西文化网,陈志诚,省部级,http://www.sx.tv56.com.cn/p/8gjgkz9.html
1982,陕西热线,陈志诚,省部级,http://www.sx.hcpit.org/news/dm3dn62.html
1983,陕西网,陈志诚,省部级,http://www.sx.hebgdhht.com/article/mowpnyp.html
1985,陕西信息网,陈志诚,省部级,http://www.sx.0391xxw.cn/html/zdnd5o4.html
1997,陕西热线,陈志诚,省部级,http://www.sx.hcpit.org/news/605jom6.html
1998,陕西网,陈志诚,省部级,http://www.sx.hebgdhht.com/article/33p8gj0.html
2000,陕西信息网,陈志诚,省部级,http://www.sx.0391xxw.cn/html/k2326nk.html
1999,陕西文化网,陈志诚,省部级,http://www.sx.tv56.com.cn/p/22j2b8p.html
2250,中国交通在线,黄婵萍,中央级,http://www.jiaotongwang.cn/plus/view-525441-1.html
2270,中国交通在线,徐立军,中央级,http://www.jiaotongwang.cn/plus/view-532813-1.html
